Františky Skaunicové,F
Elišky Machové,F
Vítězslavy Kaprálové,F
Jarmily Kurandové,F
Heleny Malířové,F
Oldřišky Keithové,F
Josefy Faimonové,F
Gabriely Preissové,F
Marie Hübnerové,F
Vlasty Pittnerové,F
Boženy Němcové,F
Terezy Novákové,F
Milady Horákové,F
Markéty Kuncové,F
Gusty Blahové,F
náměstí Vojtěšky Matyášové,F
Jožky Jabůrkové,F
Marie Steyskalové,F
Boženy Antonínové,F
Marie Pujmanové,F
Marie Kudeříkové,F
Běly Pažoutové,F
Marie Majerové,F
Vlasty Fialové,F
Zdislavina,F
Mariánské údolí,F
Eleonory Voračické,F
Libušina třída,F
Elišky Krásnohorské,F
Karolíny Světlé,F
Helenčina,F
Libušino údolí,F
Mariánské náměstí,F
Františky Stránecké,F
Elišky Přemyslovny,F
Ludmily Konečné,F
Hněvkovského,M
Auerswaldova,M
Puškinova,M
Menšíkova,M
Štefánikova,M
Krásného,M
Vojanova,M
Saidova,M
Fedrova,M
Štursova,M
Budovcova,M
Vránova,M
Karkulínova,M
Horova,M
Vojtova,M
Fišova,M
Bašného,M
Otiskova,M
Šmídkova,M
Gromešova,M
Přízova,M
Drobného,M
Musilova,M
Kuldova,M
Janouškova,M
Mošnova,M
Vohnoutova,M
Alešova,M
Cikánkova,M
Havránkova,M
Ondrova,M
Bendlova,M
Martinkova,M
Mrkosova,M
Edisonova,M
Žampachova,M
Kořískova,M
Mášova,M
Hrdličkova,M
Horynova,M
Babičkova,M
Geislerova,M
Vlkova,M
Chleborádova,M
Bráfova,M
Zahradníkova,M
Purkyňova,M
Tomáškova,M
Rotalova,M
Fibichova,M
Loosova,M
Poslušného,M
Podpěrova,M
Milénova,M
Talichova,M
Špirkova,M
Richtrova,M
Blatného,M
Chytilova,M
Kozinova,M
Berkova,M
Božetěchova,M
Slavíčkova,M
Neužilova,M
Grmelova,M
Mifkova,M
Šelepova,M
Sokolova,M
Masarova,M
Skutilova,M
Jeníčkova,M
Axmanova,M
Čajkovského,M
Košuličova,M
Franzova,M
Maškova,M
Chelčického,M
Gargulákova,M
Ševčenkova,M
Kepákova,M
Michalova,M
Ondráčkova,M
Dvorského,M
Heydukova,M
Pompova,M
Křížkovského,M
Musorgského,M
Fučíkova,M
Zeleného,M
Haasova,M
Řehákova,M
Elgartova,M
Ševelova,M
Sedláčkova,M
Faulhabrova,M
Horymírova,M
Cimburkova,M
Hlaváčkova,M
Dačického,M
Koutného,M
Černého,M
Mozartova,M
Hlávkova,M
Veleckého,M
Bednaříkova,M
Vymazalova,M
Seifertova,M
Zengrova,M
Jelínkova,M
Vackova,M
Červinkova,M
Weighartova,M
Urbánkova,M
Krokova,M
Heinrichova,M
Poděbradova,M
Sabinova,M
Plachtova,M
Havláskova,M
Bořivojova,M
Herčíkova,M
Jiráskova,M
Prokofjevova,M
Wurmova,M
Kšírova,M
Charbulova,M
Galandauerova,M
Preslova,M
Scheinerova,M
Böhmova,M
Roubalova,M
Rašínova,M
Vavákova,M
Šťastného,M
Kořenského,M
Dudíkova,M
Hálkova,M
Čermákova,M
Rezkova,M
Hybešova,M
Zábranského,M
Závodského,M
Skácelova,M
Brechtova,M
Foltýnova,M
Cornovova,M
Mařákova,M
Pivodova,M
Vomáčkova,M
Brandlova,M
Škroupova,M
Ibsenova,M
Pešinova,M
Neklanova,M
Hviezdoslavova,M
Foustkova,M
Neumannova,M
Fričova,M
Žižkova,M
Chopinova,M
Václavkova,M
Buchtova,M
Kainarova,M
Dohnalova,M
Mazourova,M
Živného,M
Tolstého,M
Máchalova,M
Šikova,M
Kabátníkova,M
Jeneweinova,M
Boettingrova,M
Dykova,M
Nohavicova,M
Klobásova,M
Zapletalova,M
Potácelova,M
Myslivečkova,M
Vaškova,M
Marešova,M
Leitnerova,M
Jemelkova,M
Čápkova,M
Černíkova,M
Popelova,M
Farského,M
Šmejkalova,M
Šaldova,M
Touškova,M
Podešvova,M
Prokešova,M
Holzova,M
Matulkova,M
Houškova,M
Navrátilova,M
Churého,M
Kotkova,M
Pastrnkova,M
Porhajmova,M
Tylova,M
Přichystalova,M
Sobolova,M
Bolzanova,M
Blümlova,M
Těsnohlídkova,M
Šestákova,M
Bodlákova,M
Šaracova,M
Kellnerova,M
Hapalova,M
Sojkova,M
Zatloukalova,M
Krondlova,M
Kubova,M
Kristenova,M
Polívkova,M
Břetislavova,M
Meluzínova,M
Opletalova,M
Kubíkova,M
Kuršova,M
Rolencova,M
Langrova,M
Gellnerova,M
Střížova,M
Kosmova,M
Matlachova,M
Wolkrova,M
Pellicova,M
Hubrova,M
Živanského,M
Opálkova,M
Zoubkova,M
Šromova,M
Rokycanova,M
Absolonova,M
Bayerova,M
Štěpánkova,M
Taussigova,M
Dobrovského,M
Ryšánkova,M
Karlova,M
Medkova,M
Andrýskova,M
Wintrova,M
Adamcova,M
Koláčkova,M
Holubova,M
Kozákova,M
Vychodilova,M
Sochorova,M
Kamanova,M
Jilemnického,M
Grohova,M
Gallašova,M
Balbínova,M
Skřivanova,M
Třískalova,M
Lelkova,M
Doležalova,M
Kytnerova,M
Netušilova,M
Maršíkova,M
Máchova,M
Fryčajova,M
Körnerova,M
Macháčkova,M
Zderadova,M
Koreisova,M
Nejedlého,M
Tyršova,M
Erbenova,M
Krkoškova,M
Sukova,M
Fantova,M
Bukovského,M
Weissova,M
Šoustalova,M
Šemberova,M
Foerstrova,M
Řehořova,M
Hermannova,M
Tomečkova,M
Lacinova,M
Midlochova,M
Mathonova,M
Vlčkova,M
Kigginsova,M
Traubova,M
Beethovenova,M
Rotreklova,M
Masarykova,M
Úlehlova,M
Sedlákova,M
Měřičkova,M
Dunajevského,M
Uprkova,M
Čichnova,M
Blažkova,M
Leskauerova,M
Kniesova,M
Florianova,M
Vyhlídalova,M
Krausova,M
Hujíčkova,M
Kvapilova,M
Zachova,M
Pluháčkova,M
Haškova,M
Středova,M
Dusíkova,M
Kampelíkova,M
Glinkova,M
Součkova,M
Čejkova,M
Tůmova,M
Kotulánova,M
Chaloupkova,M
Horníkova,M
Mezníkova,M
Píškova,M
Svatoplukova,M
Vachova,M
Revírníkova,M
Životského,M
Nevrklova,M
Nerudova,M
Pulkrábkova,M
Uhlířova,M
Votroubkova,M
Malíkova,M
Sirotkova,M
Kaplanova,M
Zeiberlichova,M
Kosmákova,M
Kudrnova,M
Sámova,M
Benešova,M
Mahenova,M
Stejskalova,M
Rysova,M
Tomanova,M
Rázusova,M
Suchého,M
Dillingerova,M
Strnadova,M
Matzenauerova,M
Amerlingova,M
Jílkova,M
Hradilova,M
Šafaříkova,M
Petlákova,M
Hoblíkova,M
Švermova,M
Gajdošova,M
Ctiradova,M
Jungmannova,M
Jeřábkova,M
Bubeníčkova,M
Šimáčkova,M
Habřinova,M
Klíčova,M
Demlova,M
Pavlíkova,M
Kronova,M
Kroftova,M
Zdráhalova,M
Trtílkova,M
Laštůvkova,M
Brožíkova,M
Vinařického,M
Zvěřinova,M
Hrozňatova,M
Štolcova,M
Sobotkova,M
Kallabova,M
Bernáčkova,M
Staňkova,M
Jablonského,M
Volfova,M
Blahoslavova,M
Havlíčkova,M
Muchova,M
Durďákova,M
Fojtíkova,M
Slívova,M
Zelinkova,M
Klecandova,M
Malátova,M
Míčkova,M
Ježkova,M
Tučkova,M
Zemkova,M
Ondrouškova,M
Bartošova,M
Špačkova,M
Fügnerova,M
Kubešova,M
Resslova,M
Jírova,M
Koperníkova,M
Tvrdého,M
Kohoutova,M
Tovačovského,M
Havlišova,M
Widmannova,M
Svánovského,M
Kotlanova,M
Glocova,M
Suzova,M
Klusáčkova,M
Zemanova,M
Ríšova,M
Wanklova,M
Heyrovského,M
Kluchova,M
Pflegrova,M
Joukalova,M
Optátova,M
Gogolova,M
Sadovského,M
Konečného,M
Španielova,M
Štítného,M
Merhautova,M
Slezákova,M
Trnkova,M
Vrázova,M
Vrbenského,M
Tomešova,M
Sušilova,M
Prokopa Velikého,M
Bochořákova,M
Kounicova,M
Synkova,M
Tererova,M
Myslínova,M
Ambrožova,M
Mikšíčkova,M
Puchýřova,M
Myslbekova,M
Havlenova,M
Kachlíkova,M
Borkovcova,M
Křehlíkova,M
Poledníkova,M
Slovákova,M
Jánošíkova,M
Olšanského,M
Kožíkova,M
Filkukova,M
Popelákova,M
Kolaříkova,M
Havelkova,M
Podruhova,M
Högrova,M
Nováčkova,M
Jurkovičova,M
Šalounova,M
Pšikalova,M
Kupkova,M
Zikova,M
Ptašínského,M
Teslova,M
Klácelova,M
Stránského,M
Chládkova,M
Vitáskova,M
Stamicova,M
Bieblova,M
Bučkova,M
Hájkova,M
Kotěrova,M
Metodějova,M
Divišova,M
Tumaňanova,M
Kneslova,M
Venhudova,M
Všetičkova,M
Chudobova,M
Plevova,M
Kunešova,M
Perunova,M
Tuháčkova,M
Šilarova,M
Hudcova,M
Fleischnerova,M
Kaloudova,M
Ulrychova,M
Včeličkova,M
Peškova,M
Zubatého,M
Filipova,M
Šrámkova,M
Bačovského,M
Štouračova,M
Vondrákova,M
Konradova,M
Mečířova,M
Trýbova,M
Škrétova,M
Bauerova,M
Jeronýmova,M
Komprdova,M
Breitcetlova,M
Volejníkova,M
Jamborova,M
Hoppova,M
Skoumalova,M
Malečkova,M
Hostinského,M
Mácova,M
Kudelova,M
Třebízského,M
Bellova,M
Rokytova,M
Burešova,M
Zezulova,M
Křivého,M
Chalabalova,M
Lýskova,M
Švábenského,M
Slavomírova,M
Klicperova,M
Pilařova,M
Novotného,M
Sladkého,M
Raisova,M
Hostislavova,M
Mojžíšova,M
Hutařova,M
Rerychova,M
Roháčkova,M
Sekaninova,M
Pechova,M
Dostálova,M
Filipínského,M
Pivoňkova,M
Haraštova,M
Nopova,M
Ječmínkova,M
Uhýrkova,M
Teyschlova,M
Spáčilova,M
Borodinova,M
Gorkého,M
Stojanova,M
Colova,M
Mánesova,M
Kubelíkova,M
Rudišova,M
Bystřinova,M
Kalvodova,M
Skorkovského,M
Slaměníkova,M
Kumpoštova,M
Rooseveltova,M
Nešverova,M
Došlíkova,M
Záleského,M
Nálepkova,M
Pokorova,M
Jiránkova,M
Štefáčkova,M
Helceletova,M
Klášterského,M
Šikulova,M
Kaleckého,M
Psotova,M
Jakuba Obrovského,M
Veleslavínova,M
Urxova,M
Markovičova,M
Elplova,M
Košinova,M
Goldova,M
Kroupova,M
Moskalykova,M
Gorazdova,M
Sejkorova,M
Tenorova,M
Kolískova,M
Cupákova,M
Jandáskova,M
Kameníčkova,M
Škrochova,M
Křižíkova,M
Ramešova,M
Kocourkova,M
Kubíčkova,M
Rybkova,M
Husova,M
Húskova,M
Čelakovského,M
Dalimilova,M
Lieberzeitova,M
Pospíšilova,M
Vážného,M
Soukopova,M
Vodova,M
Kunzova,M
Sládkova,M
Šmahova,M
Bohatcova,M
Vaňhalova,M
Skopalíkova,M
Barvičova,M
Jírovcova,M
Kmochova,M
Drápelova,M
Šeránkova,M
Šmilovského,M
Provazníkova,M
Břenkova,M
Nezvalova,M
Králova,M
Valouškova,M
Herbenova,M
Dvořákova,M
Hrubého,M
Molákova,M
Žilkova,M
Vaculíkova,M
Šaumannova,M
Pěnkinova,M
Hansmannova,M
Eliášova,M
Blodkova,M
Bohuňova,M
Houbalova,M
Lužova,M
Řezáčova,M
Ševcova,M
Soběslavova,M
Ladova,M
Sovova,M
Hromádkova,M
Fillova,M
Turgeněvova,M
Horákova,M
Zeyerova,M
Chlubnova,M
Eimova,M
Hlaváčova,M
Bílého,M
Pohankova,M
Bednářova,M
Šámalova,M
Riegrova,M
Nezamyslova,M
Lerchova,M
Buzkova,M
Jindřichova,M
Pražákova,M
Arbesova,M
Vejrostova,M
Kremličkova,M
Kovařovicova,M
Trávníčkova,M
Kamelova,M
Skryjova,M
Tilhonova,M
Kulkova,M
Bezručova,M
Matalova,M
Vančurova,M
Kollárova,M
Chironova,M
Smetanova,M
Kladivova,M
Klimešova,M
Strakatého,M
Joštova,M
Březinova,M
Klímova,M
Reissigova,M
Zedníkova,M
Ondřeje Veselého,M
Helfertova,M
Fanderlíkova,M
Krušinova,M
Chlupova,M
Drčkova,M
Kučerova,M
Ečerova,M
Hochmanova,M
Voříškova,M
Kárníkova,M
Tichého,M
Gebauerova,M
Zaoralova,M
Slámova,M
Schwaigrova,M
Poláčkova,M
Sladkovského,M
Maříkova,M
Wollmanova,M
Renčova,M
Ferrerova,M
Škárova,M
Nedbalova,M
Jiříkovského,M
Kosíkova,M
Krameriova,M
Bartákova,M
Vaníčkova,M
Mikuláškovo náměstí,M
Žerotínovo náměstí,M
Čeňka Růžičky,M
Bohuslava Martinů,M
Karla Kryla,M
Arne Nováka,M
Baarovo nábřeží,M
Jana Svobody,M
bratří Sapáků,M
bratří Žůrků,M
Petra Křivky,M
Rostislavovo náměstí,M
Křivánkovo náměstí,M
náměstí Karla IV.,M
Šilingrovo náměstí,M
bratří Šmardů,M
Dufkovo nábřeží,M
bratří Čapků,M
Belcrediho,M
bratří Pelíšků,M
Otakara Ševčíka,M
Jana Broskvy,M
bratří Mrštíků,M
Gustava Broma,M
Martina Kříže,M
Jana Nečase,M
Janáčkovo náměstí,M
Šujanovo náměstí,M
Halasovo náměstí,M
Ludvíka Podéště,M
Palackého náměstí,M
Hilleho,M
Kikrleho,M
Svatopluka Čecha,M
Vaňkovo náměstí,M
Ericha Roučky,M
Richarda Knose,M
Tyršovo návrší,M
Burianovo náměstí,M
Martina Ševčíka,M
Táborského nábřeží,M
Rosického náměstí,M
Palachovo náměstí,M
Komenského náměstí,M
Ypsilantiho,M
Chaloupeckého náměstí,M
Palackého třída,M
Bakalovo nábřeží,M
třída Kpt. Jaroše,M
Jana Uhra,M
Ondříčkovo náměstí,M
Antonína Procházky,M
Antala Staška,M
Ernsta Macha,M
Malinovského náměstí,M
Krejčího,M
Jana Babáka,M
Antonína Macka,M
Prokopův kopec,M
Vrchlického sad,M
Mendlovo náměstí,M
Faměrovo náměstí,M
Mojmírovo náměstí,M
Konečného náměstí,M
Generála Kadlece,M
Wainerovo náměstí,M
Přemyslovo náměstí,M
Makovského náměstí,M
Olbrachtovo náměstí,M
Proškovo náměstí,M
bratří Křičků,M
Antonína Slavíka,M
Karáskovo náměstí,M
Jaroslava Foglara,M
Tomkovo náměstí,M
Jakubské náměstí,M
Aloise Havla,M
třída Generála Píky,M
Járy Cimrmana,M
Vlastimila Pecha,M