Varhulíkové,F
Dany Medřické,F
Boženy Stárkové,F
Královny Žofie,F
Ellnerové,F
Radčina,F
Elišky Junkové,F
Jiříčkové,F
Evy Olmerové,F
Kurandové,F
Zdeňky Nyplové,F
Pujmanové,F
Beníškové,F
Hübnerové,F
Marty Krásové,F
Elišky Peškové,F
Kabátové,F
Boženy Němcové,F
Emilie Hyblerové,F
Vlasty Průchové,F
Boženy Jandlové,F
Kadečkové,F
Destinové,F
Olgy Havlové,F
náměstí Zdenky Braunerové,F
Šejbalové,F
Heleny Malířové,F
Naskové,F
Havlůjové,F
Plamínkové,F
Magdalény Rettigové,F
Suttnerové,F
Filipíny Welserové,F
Kučerové,F
Pejevové,F
Tilschové,F
Fajmanové,F
Marie Podvalové,F
Hildy Čihákové,F
Aubrechtové,F
Laglerové,F
Majerové,F
Jiřiny Štěpničkové,F
Marie Cibulkové,F
Anny Čížkové,F
Albíny Hochové,F
Boženy Hofmeisterové,F
Hermíny Týrlové,F
Anny Rybníčkové,F
Milady Horákové,F
Aleny Santarové,F
Anny Drabíkové,F
Kudeříkové,F
Libušina,F
Vlastina,F
Žofie Podlipské,F
Adélčina,F
Anenské náměstí,F
Kateřinské náměstí,F
Babiččina,F
Anny Letenské,F
Anežky Malé,F
Venušina,F
Jarmily Novotné,F
Mahulenina,F
Ludmilina,F
Mariánské hradby,F
Karoliny Světlé,F
Barunčina,F
Elišky Krásnohorské,F
Vlasty Hilské,F
Mariánské náměstí,F
Rozárčina,F
Viktorčina,F
Elišky Přemyslovny,F
Svatavina,F
Častavina,F
Hodčina,F
Mladčina,F
Šárčina,F
Tolstého,M
Pavelkova,M
Freiwaldova,M
Vlachova,M
Bartoňkova,M
Galvaniho,M
Farského,M
Ostrovského,M
Švehlova,M
Kroupova,M
Siemensova,M
Chelčického,M
Pošepného náměstí,M
Jungmannovo náměstí,M
Heyrovského náměstí,M
Hanzlíkova,M
Smolkova,M
Šaldova,M
Klánova,M
Zapova,M
Nekvasilova,M
Vačkářova,M
Michelangelova,M
Mráčkova,M
Dalimilova,M
Bachova,M
Euklidova,M
bratří Dohalských,M
Kanova,M
Parléřova,M
Bešťákova,M
Janderova,M
Zálužanského,M
Ibsenova,M
Kaizlovy sady,M
náměstí Josefa Machka,M
Líbalova,M
Smotlachova,M
Sládkovičova,M
Janouchova,M
Novomeského,M
Jiránkova,M
Stachova,M
Rýznerova,M
Prouzova,M
Marvanova,M
Knapova,M
Stýblova,M
Otavova,M
Mickiewiczova,M
Nikoly Vapcarova,M
Kramperova,M
Zenklova,M
Jana Karafiáta,M
Myslbekova,M
Lisztova,M
Picassova,M
Navrátilova,M
Sezimova,M
Tatarkova,M
Husova,M
Severýnova,M
Zimákova,M
Suppého,M
Renoirova,M
Reinerova,M
Randova,M
Sládkova,M
Mařatkova,M
Chlumčanského,M
Čiklova,M
Socháňova,M
Vycpálkova,M
Daškova,M
Branaldova,M
Leopoldova,M
Pecharova,M
Poláčkova,M
Drahorádova,M
Lindnerova,M
Klostermannova,M
Čápova,M
Bromova,M
Pacajevova,M
Kellnerova,M
Hamplova,M
Nezvalova,M
Jáchymova,M
Borošova,M
Türkova,M
Gutfreundova,M
Kpt. Stránského,M
Sechterova,M
Vacínova,M
Vladimírova,M
Chládkova,M
Pšenčíkova,M
Vaňkova,M
Truhlářova,M
Tomanova,M
Burianova,M
Zátopkova,M
Troilova,M
Babákova,M
Mrázkova,M
Archimédova,M
náměstí Jana Palacha,M
Petržílkova,M
Andělova,M
Urubova,M
Kožíškova,M
Štúrova,M
Koláčkova,M
Kovriginova,M
Harlacherova,M
Kubaštova,M
Voskovcova,M
Vejražkova,M
Gogolova,M
Slavíkova,M
Otrubova,M
Havlínova,M
Fischlova,M
Prokopova,M
Rypkova,M
Preslova,M
Dražického,M
Hybešova,M
Štiplova,M
Hubičkova,M
Bozděchova,M
Hábova,M
Papírníkova,M
Nešporova,M
Dačického,M
Břízova,M
Donatellova,M
Velflíkova,M
Marciho,M
Rackova,M
Krameriova,M
Jirsákova,M
Dubnova,M
Tovarova,M
Štorchova,M
Salabova,M
Rubešova,M
Jiřího ze Vtelna,M
Štolcova,M
Petrbokova,M
Úprkova,M
Závišova,M
Kecova,M
Vladislavova,M
Keplerova,M
Poljanovova,M
Františka Křížka,M
Třanovského,M
Kelvinova,M
Mrkosova,M
Mánesova,M
Imrychova,M
Jašíkova,M
Kafkova,M
Slavníkova,M
Konopáskova,M
Bucharova,M
Wichterlova,M
Dieselova,M
Mašatova,M
Kroftova,M
Dvořákova,M
Nechanského,M
Chocholova,M
Dykova,M
Fragnerova,M
Puchmajerova,M
Boudova,M
Bublíkova,M
Hájkova,M
Schoellerova,M
Márova,M
Církova,M
Lolkova,M
Přádova,M
Donátova,M
Urešova,M
Kropáčkova,M
Tvrdého,M
Celsiova,M
Květoslavova,M
Výmarova,M
Hakenova,M
Koperníkova,M
Hanusova,M
Kádnerova,M
Bojčenkova,M
Dopplerova,M
Pikrtova,M
Kocianova,M
Högerova,M
Glinkova,M
Králova,M
Plečnikova,M
Drtinova,M
Bryknarova,M
Zikova,M
Lohniského,M
Gutova,M
Nerudova,M
Roháčova,M
Batličkova,M
Vášova,M
Churnajevova,M
Hokešovo náměstí,M
Jiráskovo náměstí,M
Macharovo náměstí,M
Rychtáře Petříka,M
Jirečkova,M
Goyova,M
Radičova,M
Kamelova,M
Hrabákova,M
Daňkova,M
Mandova,M
Bubnova,M
Štičkova,M
Minaříkova,M
Karenova,M
F.V.Veselého,M
Sartoriova,M
Vlasty Buriana,M
Říčanova,M
Mahenova,M
dr. Zikmunda Wintra,M
Radúzova,M
Vavřenova,M
Bajgarova,M
Svěceného,M
Františka Diviše,M
Froncova,M
Josefa Bíbrdlíka,M
Kampanova,M
Pospíchalova,M
Možného,M
Průchova,M
Wenzigova,M
Novotného lávka,M
Rabasova,M
Bendlova,M
Krovova,M
Bínova,M
Kramlova,M
Dominova,M
Štolbova,M
Svojsíkova,M
Klečákova,M
Kolocova,M
Kováříkova,M
Vejvodova,M
Ringhofferova,M
Kubištova,M
Dismanova,M
Petržílova,M
Štefánikova,M
Bazovského,M
Skuteckého,M
Kloknerova,M
Budilova,M
Pöslova,M
Strakatého,M
Bakurinova,M
Dobrovolského,M
Kudrnova,M
Chotkova,M
Krásova,M
Frostova,M
Podle Kačerova,M
Rejchova,M
Chalabalova,M
Ambrožova,M
Obrovského,M
Tlustého,M
Pešákova,M
Heckelova,M
Mládkova,M
Křížkovského,M
Neffova,M
Budislavova,M
Vnoučkova,M
Peroutkova,M
Horkého,M
Fantova,M
Tomsova,M
Koubova,M
Veverkova,M
Pelléova,M
Neužilova,M
Zakouřilova,M
Myslivečkova,M
Ladova,M
Šplechnerova,M
Křovinovo náměstí,M
Zrzavého,M
Hennerova,M
Ceplechova,M
Waldesova,M
Dostojevského,M
Kotěrova,M
Rečkova,M
Libečkova,M
Jablonského,M
Stallichova,M
Jánošíkova,M
Davidovičova,M
Seifertova,M
Nedbalova,M
Engelova,M
Mojmírova,M
Fišerova,M
Váchalova,M
Hněvkovského,M
Zelenkova,M
Volavkova,M
Demlova,M
Librova,M
Sibeliova,M
Boleslavova,M
Malá Houdova,M
Bašteckého,M
Lažanského,M
Mrkvičkova,M
Hradečkova,M
Ottova,M
N. A. Někrasova,M
Heldova,M
Holátova,M
Stehlíkova,M
Křesomyslova,M
Granitova,M
Bartůňkova,M
Košťálkova,M
Turgeněvova,M
Kurzova,M
Bedrnova,M
Cigánkova,M
Janovského,M
Sinkulova,M
Kutilova,M
Štefkova,M
Vágnerova,M
Zbuzkova,M
Pavlíkova,M
Krohova,M
Václava Balého,M
Šimkova,M
Rubensova,M
Hauptova,M
Markušova,M
Bartoškova,M
Bacháčkova,M
Lexova,M
Husníkova,M
Gabčíkova,M
Františkova,M
Ponrepova,M
Bekova,M
Hálkova,M
Pekárkova,M
Brdlíkova,M
Jelínkova,M
Čuprova,M
Dudkova,M
Kunešova,M
Pelnářova,M
Mazancova,M
Hostošova,M
Mádrova,M
Madarova,M
Poděbradova,M
Hausmannova,M
Malletova,M
Fikerova,M
Sichrovského,M
Mikšovského,M
Loosova,M
Kryštofova,M
Františka Černého,M
Edvardova,M
Jindřichova,M
Hrubínova,M
Lupáčova,M
Laubova,M
Brodského,M
Maroldova,M
Borovanského,M
Kejhova,M
Hálova,M
Vodňanského,M
Ctiradova,M
Konopova,M
Kuželova,M
Paláskova,M
Ingrišova,M
Kočova,M
Jungmannova,M
Frimlova,M
Levského,M
Brandejsova,M
Křičkova,M
Tauferova,M
Sekaninova,M
Řečického,M
Rooseveltova,M
Špotzova,M
Harantova,M
Hrušínského,M
Plojharova,M
Koberkova,M
Chopinova,M
Pacholíkova,M
Rybova,M
Čihákova,M
Gerstnerova,M
Laudonova,M
Hertzova,M
Plutova,M
Hankova,M
Hejtmánkova,M
Hasova,M
Blériotova,M
Nebeského,M
Šimonova,M
Vokáčova,M
Šmolíkova,M
Bassova,M
Malá Xaveriova,M
Dreyerova,M
Neumannova,M
Bílkova,M
Pechlátova,M
Golčova,M
Jarešova,M
Pasteurova,M
Matějovského,M
Ocelíkova,M
Březanova,M
Vlčkova,M
Šimůnkova,M
Tauerova,M
Hrudičkova,M
Wiedermannova,M
Maříkova,M
Vazovova,M
Fillova,M
Rostislavova,M
Roškotova,M
Štulcova,M
Šimáčkova,M
Svobodova,M
Křemencova,M
Merhoutova,M
Botevova,M
Žalanského,M
Dunajevského,M
Taussigova,M
Šedivého,M
Kupeckého,M
Jirsíkova,M
Zachova,M
Žalmanova,M
Volkovova,M
Provázkova,M
Sudkova,M
Olivova,M
Macháčkova,M
Beaufortova,M
Kuncova,M
Vítkova,M
Farkašova,M
Koštířova,M
Viklefova,M
Brechtova,M
Brichtova,M
Vlastislavova,M
Faradayova,M
Pětipeského,M
Jíchova,M
Koťátkova,M
Vašátkova,M
Šulcova,M
Kozmíkova,M
Krolmusova,M
Bartoňova,M
Strouhalova,M
Ulčova,M
Smiřického,M
Sabinova,M
Amortova,M
Janákova,M
Adlerova,M
Paculova,M
Čechova,M
Šantrochova,M
Bernolákova,M
Brabcova,M
náměstí Dr. Václava Holého,M
Šromova,M
Rozvodova,M
Zoubkova,M
Djačukova,M
Fibichova,M
Ulrychova,M
Koulova,M
Soběslavova,M
Bermanova,M
Rajmonova,M
Opletalova,M
Baranova,M
Hamsíkova,M
Charvátova,M
Jana Želivského,M
Meinlinova,M
Karlova,M
Rážova,M
Voňkova,M
Emlerova,M
Pelikánova,M
Irvingova,M
Linhartova,M
Vokrojova,M
Borského,M
Cimburkova,M
Boušova,M
Doležalova,M
Vinařického,M
Hráského,M
Černochova,M
Smolíkova,M
Lukavského,M
Kupkova,M
Maiselova,M
Lidického,M
Pánkova,M
Jansova,M
Kopeckého,M
Formánkova,M
Rejskova,M
Feřtekova,M
Šetelíkova,M
Samcova,M
Hřebíkova,M
Podpěrova,M
Chaloupeckého,M
Velenovského,M
Hudcova,M
Janského,M
Ježdíkova,M
Raffaelova,M
Fastrova,M
Klementova,M
Bellova,M
Rothmayerova,M
Tajovského,M
Werichova,M
Sousedíkova,M
Klivarova,M
Kubišova,M
Deylova,M
Fadějevova,M
Kolínova,M
Kukučínova,M
Škábova,M
Fabiánova,M
Kovařovicova,M
Vojtíškova,M
Záhořanského,M
Glowackého,M
Erbenova,M
Prachnerova,M
Kolbenova,M
Dürerova,M
Machuldova,M
Anhaltova,M
Machatého,M
Trytova,M
Hostinského,M
Jiříčkova,M
Tadrova,M
Dvořeckého,M
Nečova,M
Hornofova,M
Hubáčkova,M
Jeseniova,M
Švabinského,M
Havlovického,M
Jansenova,M
Kloboukova,M
Věkova,M
Boučkova,M
Ciolkovského,M
Kotíkova,M
Paříkova,M
Balabánova,M
Mošnova,M
Korandova,M
Opálkova,M
Stejskalova,M
Glazunovova,M
Holubkova,M
Krajánkova,M
Eledrova,M
Foerstrova,M
Oldřichova,M
Kratochvílova,M
Gregorova,M
Burdova,M
Šternova,M
Jandova,M
Danielova,M
Maternova,M
Štursova,M
Záhorského,M
Bečvářova,M
Zavadilova,M
Vinšova,M
Božkova,M
Tusarova,M
Gollova,M
Nikodémova,M
Wiesenthalova,M
Tovačovského,M
Štverákova,M
Kvapilova,M
Brdičkova,M
Gorazdova,M
Stárkova,M
Nesvadbova,M
Branislavova,M
Horynova,M
Kořenského,M
Budínova,M
Hečkova,M
Vošahlíkova,M
Engelmüllerova,M
Freyova,M
Čermákova,M
Kotršálova,M
Herrmannova,M
Šultysova,M
Thákurova,M
Borečkova,M
Všehrdova,M
Jeremiášova,M
Postlova,M
Dygrýnova,M
Chalupkova,M
Nezdova,M
Myslíkova,M
Lamačova,M
Šrobárova,M
Sokratova,M
Hoškova,M
Srnečkova,M
Klíčova,M
Krausova,M
Zítkova,M
Cíglerova,M
Lehárova,M
Přeučilova,M
Wolkerova,M
Sulova,M
Olbrachtova,M
Jankovcova,M
Sauerova,M
Benákova,M
Vojenova,M
Binarova,M
Musorgského,M
Srbova,M
Weilova,M
Kardausova,M
Křenova,M
Starého,M
Hofbauerova,M
Matoušova,M
Kálmánova,M
Pražského,M
Saturnova,M
Vocelova,M
Urxova,M
Chvalova,M
Černohorského,M
Menclova,M
Wattova,M
Talafúsova,M
Šperlova,M
Petříkova,M
Voskova,M
Stoličkova,M
Valentova,M
Kalvodova,M
Hrdinova,M
Molákova,M
Hanzelkova,M
Šímova,M
Vrázova,M
Diblíkova,M
Muchova,M
Chlupova,M
Klecandova,M
Markupova,M
Tererova,M
Jančova,M
Plajnerova,M
Lomnického,M
Vybíralova,M
Holečkova,M
Valčíkova,M
Vachkova,M
Hanouškova,M
Haberfeldova,M
Tomíčkova,M
Purkyňova,M
Fuchsova,M
Pokorného,M
Františka Červeného,M
Holubova,M
Kodymova,M
Kostrbova,M
Kozlova,M
Hanušova,M
Kačírkova,M
Skupova,M
Sekorova,M
Rembrandtova,M
Kaprova,M
Míčova,M
Stamicova,M
Šiškova,M
Raisova,M
Prefátova,M
Šafránkova,M
Červeňanského,M
Kobrova,M
Karfíkova,M
Lýskova,M
Makovského,M
Šlitrova,M
Kochanova,M
Kubelíkova,M
Angelovova,M
Korybutova,M
Bořivojova,M
Prebslova,M
Kyselova,M
Volkova,M
Hackerova,M
Marešova,M
Janýrova,M
Mukařovského,M
Doudova,M
Neklanova,M
Merkurova,M
Cuřínova,M
Bartákova,M
Moulíkova,M
Vrbenského,M
Svitákova,M
Muškova,M
Šlikova,M
Ševčenkova,M
Herrova,M
Zámišova,M
Milíčova,M
Kabešova,M
Hlávkova,M
Šumavského,M
Sušilova,M
Podéšťova,M
Honzíkova,M
Vyskočilova,M
Boříkova,M
Utěšilova,M
Jurkovičova,M
Blahníkova,M
Langweilova,M
Jana Čerstvého,M
Chlupáčova,M
Majerského,M
Pelzova,M
Pelclova,M
Pickova,M
Brandlova,M
Chmelířova,M
Krokova,M
Daliborova,M
Radimova,M
Šůrova,M
Washingtonova,M
Aristotelova,M
Richtrova,M
Kunínova,M
Michnova,M
Týmlova,M
Hrozného,M
Riegrova,M
Ploštilova,M
Jeremenkova,M
Přemyslova,M
Špeciánova,M
Juárezova,M
Šedova,M
Sicherova,M
Kettnerova,M
Voctářova,M
Zárubova,M
Hillebrantova,M
Hlaďova,M
Saudkova,M
Helmova,M
Felberova,M
Ledvinova,M
Zelenky-Hajského,M
Ohmova,M
Šmeralova,M
Resslova,M
Andrštova,M
Fajtlova,M
Ronkova,M
Stiessova,M
Šatrova,M
Frančíkova,M
Schwaigerova,M
Zázvorkova,M
Matějkova,M
Kremličkova,M
Píškova,M
Malého,M
Pivcova,M
Hellichova,M
Meskářova,M
Miranova,M
Štochlova,M
Šubertova,M
Panuškova,M
Blattného,M
Tyršova,M
Cvrčkova,M
Rytířova,M
Kobylákova,M
Pištěkova,M
Kulhavého,M
Mejstříkova,M
Šebelova,M
Havlíčkova,M
Lesného,M
Sovákova,M
Klicperova,M
Pešinova,M
Ocelkova,M
Štichova,M
Štorkánova,M
Khodlova,M
Kozinova,M
Barešova,M
Matjuchinova,M
Zvěřinova,M
Nezamyslova,M
Benáčanova,M
Mikovcova,M
Wuchterlova,M
Horalova,M
Faltysova,M
Einsteinova,M
Kukulova,M
Neustupného,M
Bolzanova,M
Beldova,M
Modrého,M
Řehořova,M
Jarníkova,M
Přecechtělova,M
Pecháčkova,M
Těšíkova,M
Krásného,M
Hurbanova,M
Legerova,M
Heřmanova,M
Brunelova,M
Polákova,M
Tomkova,M
Nyklíčkova,M
Grammova,M
Vodičkova,M
Stříbrského,M
Edisonova,M
Englerova,M
Musílkova,M
Siwiecova,M
Velebného,M
Heranova,M
Mikanova,M
Komárkova,M
Adamova,M
Šumberova,M
Červenkova,M
Markova,M
Kolmistrova,M
Kollárova,M
Blažíčkova,M
Muzikova,M
Kemrova,M
Metodějova,M
Saveljevova,M
Liborova,M
Šolínova,M
Morseova,M
Tomáškova,M
Cukrova,M
Kakosova,M
Kristiánova,M
Pajerova,M
Sobolákova,M
Kostlivého,M
Čapkova,M
Janečkova,M
Braunerova,M
Sulanského,M
Kaškova,M
Šustova,M
Thomayerova,M
Stroupežnického,M
Boháčova,M
Kabeláčova,M
Thámova,M
Vratislavova,M
Bohúňova,M
Třebízského,M
Špálova,M
Rašilovova,M
Petráčkova,M
Filipovského,M
Ryšánkova,M
Smrčkova,M
Pátkova,M
Duškova,M
Frydrychova,M
Drahobejlova,M
Preislerova,M
Vyhlídkova,M
Nechvílova,M
Chocholouškova,M
Pavrovského,M
Mečislavova,M
Kurkova,M
Trampotova,M
Galileova,M
Procházkova,M
Bendova,M
Pancířova,M
Jaromírova,M
Štěpánkova,M
Krškova,M
Hekova,M
Laurinova,M
Baarova,M
Grussova,M
Spinozova,M
Vitíkova,M
Blažkova,M
Huberova,M
Česákova,M
Jaurisova,M
R.A. Dvorského,M
Cafourkova,M
Cílkova,M
Hekrova,M
Bolívarova,M
Gercenova,M
Klapálkova,M
Kodicilova,M
Šircova,M
Pernerova,M
Ondříčkova,M
Bergerova,M
Janouškova,M
Havránkova,M
Kaňkovského,M
Běhounkova,M
Štíbrova,M
Pešlova,M
Pouchova,M
Koldínova,M
Haunerova,M
Snopkova,M
Cyprichova,M
Jupiterova,M
Weissova,M
Prusíkova,M
Pohnertova,M
Platónova,M
Rokycanova,M
Trávníčkova,M
Kučerova,M
Bydžovského,M
Svátkova,M
Kálikova,M
Náprstkova,M
Hlaváčova,M
Gočárova,M
Darwinova,M
Drahoňovského,M
Talichova,M
Wilsonova,M
Kalašova,M
Vnislavova,M
Gaussova,M
Polívkova,M
Laudova,M
Filipova,M
Brožíkova,M
Karla Černého,M
Svatoslavova,M
Federova,M
Hlušičkova,M
Herbenova,M
Bieblova,M
V. P. Čkalova,M
Tupolevova,M
Lannova,M
Kaňkova,M
Nosticova,M
Sumova,M
Anastázova,M
Křišťanova,M
Staňkova,M
Mařákova,M
Ratajova,M
Braunova,M
Heinemannova,M
Jílkova,M
Matúškova,M
Malátova,M
Konecchlumského,M
Klímova,M
Lehotského,M
Palackého,M
Šmilovského,M
Trousilova,M
Sukova,M
Augustinova,M
Hvězdova,M
Závadova,M
Drtikolova,M
Holoubkova,M
Škarvadova,M
Novákova,M
Skřivanova,M
Houdova,M
Hrdličkova,M
Hájíčkova,M
Krátkého,M
Kryšpínova,M
Trojanova,M
Vosátkova,M
Cihlářova,M
Famfulíkova,M
Fričova,M
Dubeckého,M
Křemílkova,M
Trachtova,M
Šafaříkova,M
Prokofjevova,M
Mašínova,M
Bělinského,M
Newtonova,M
Schnirchova,M
Burešova,M
Pertoldova,M
Poberova,M
Murgašova,M
Nepelova,M
Matěchova,M
Slavínského,M
Mendelova,M
Nušlova,M
Hrubého,M
Rezlerova,M
Rubličova,M
Rakousova,M
Ebrova,M
Vobrubova,M
Michalovicova,M
Peštukova,M
Ouhrabkova,M
Šafářova,M
Mladotova,M
Kubínova,M
Vojtova,M
Slavatova,M
Mikulova,M
Kovářova,M
Hynaisova,M
Durychova,M
Tigridova,M
Březovského,M
Mikuleckého,M
Píseckého,M
Austova,M
Čeňkova,M
Kubova,M
Ludvíkova,M
Eichlerova,M
Studničkova,M
Doubravínova,M
Vejvanovského,M
Gallašova,M
Ženíškova,M
Hošťálkova,M
Milerova,M
Blahoslavova,M
Vondroušova,M
Vydrova,M
Plickova,M
Kosova,M
Lumírova,M
Barrandova,M
Nechybova,M
Zamenhofova,M
Švecova,M
Seydlerova,M
Božetěchova,M
Votavova,M
Nepilova,M
Kalabisova,M
Poštova,M
Kmochova,M
Mansfeldova,M
Brunclíkova,M
Hoffmannova,M
Barákova,M
Davídkova,M
Kocourkova,M
Radova,M
Schöfflerova,M
Vlasákova,M
Hůlkova,M
Pučova,M
Gončarenkova,M
Zvoníčkova,M
Martinova,M
Bouřilova,M
Skálova,M
Bergmanova,M
Spytihněvova,M
Liškova,M
Klapkova,M
Machkova,M
Eberlova,M
Lukešova,M
Peckova,M
Rozkošného,M
Krouzova,M
Astlova,M
Vilímkova,M
Lindleyova,M
Zlochova,M
Tichého,M
Jindrova,M
Máslova,M
Ježkova,M
Křesadlova,M
Koněvova,M
Veleslavínova,M
Paškova,M
Vápeníkova,M
Votrubova,M
Mozartova,M
Thurnova,M
Vavákova,M
Axmanova,M
Sanderova,M
Daimlerova,M
Gagarinova,M
Kocourova,M
Tychonova,M
Rybalkova,M
Klečkova,M
Šporkova,M
Seidlova,M
Brunnerova,M
Melantrichova,M
Škrétova,M
Raichlova,M
Pospíšilova,M
Horáčkova,M
Vackova,M
Ševčíkova,M
Větrovcova,M
Balbínova,M
Polaneckého,M
Böhmova,M
Blodkova,M
Exnárova,M
Firkušného,M
Popovova,M
Černockého,M
Láskova,M
Hlučkova,M
Dandova,M
Půdova,M
Žerotínova,M
Vikova,M
Theinova,M
Vindyšova,M
Maškova,M
Křižíkova,M
Hlavova,M
Březinova,M
Haškova,M
Španielova,M
Hilmarova,M
Žábova,M
Hudečkova,M
Patočkova,M
Peškova,M
Vostrého,M
Kubatova,M
Benkova,M
Kykalova,M
Vaníčkova,M
Horčičkova,M
Špirkova,M
Voříškova,M
Smikova,M
Vojáčkova,M
Štychova,M
Černínova,M
Špačkova,M
Zimova,M
Froňkova,M
Světova,M
Voltova,M
Musilova,M
Šťastného,M
Tréglova,M
Tesaříkova,M
Kurčatovova,M
Maňákova,M
Kusého,M
Štítného,M
Maštěřovského,M
Koubkova,M
Zengrova,M
Štětkova,M
Vajdova,M
Slovačíkova,M
Přibíkova,M
Václavkova,M
Pařízkova,M
Kuttelwascherova,M
Dobrovolného,M
Zahradníčkova,M
Lebeděvova,M
Urbanova,M
Schulhoffova,M
Koclířova,M
Jírova,M
Víta Nejedlého,M
Buchovcova,M
Zubatého,M
Rozýnova,M
Sámova,M
Suchardova,M
Nejdkova,M
Sodomkova,M
Strnadova,M
Homérova,M
Hlavatého,M
Bohrova,M
Ungarova,M
Žitavského,M
Kolátorova,M
Slavíčkova,M
Svatoplukova,M
M. J. Lermontova,M
Pitterova,M
Rakovského,M
Radouňova,M
Dolejškova,M
Turnovského,M
Stupkova,M
Vrbova,M
Moysesova,M
Menšíkova,M
Andersenova,M
Fejfarova,M
Hiršlova,M
Jordana Jovkova,M
Antonína Hodného,M
Lipského,M
Křejpského,M
Barvitiova,M
Pštrossova,M
Máchova,M
Voleníkova,M
Vrchlického,M
Chlumova,M
Bechyňova,M
Voborského,M
Košařova,M
Medkova,M
Jeronýmova,M
Vítovcova,M
Bártlova,M
Gabinova,M
Dědinova,M
Ronešova,M
Hulanova,M
Slavojova,M
Jeřábkova,M
Průškova,M
Dunovského,M
Eliášova,M
Štemberova,M
Pekařova,M
Xaveriova,M
Součkova,M
Hlaváčkova,M
Pešova,M
Drimlova,M
Hákova,M
Zvonařova,M
Weberova,M
Břetislavova,M
Dobnerova,M
Kaplanova,M
Jiskrova,M
Wolfova,M
Nobelova,M
Viktorinova,M
Hořovského,M
Žukovského,M
Morávkova,M
Ginzova,M
Šebkova,M
Zívrova,M
Sovova,M
Bellušova,M
Tůmova,M
Beethovenova,M
Hejplíkova,M
Hviezdoslavova,M
Klášterského,M
Tulkova,M
Karasova,M
Leitzova,M
Hostivítova,M
Roklova,M
Židlického,M
Konstantinova,M
Navarova,M
Herčíkova,M
Samohelova,M
Flöglova,M
Vlkova,M
Žižkova,M
Mladenovova,M
Lhotákova,M
Věšínova,M
Kolářova,M
Hašlerova,M
Okrouhlíkova,M
Horníčkova,M
Wagnerova,M
Čestmírova,M
Bobkova,M
Lečkova,M
Machovcova,M
Jilemnického,M
Šternberkova,M
Blachutova,M
Aksamitova,M
Šalounova,M
Slancova,M
Fingerova,M
Bojasova,M
Malkovského,M
Čechurova,M
Čílova,M
Kutvirtova,M
Morstadtova,M
Mikova,M
Klírova,M
Jamborova,M
Loudova,M
Dittrichova,M
Machnova,M
Dolákova,M
Augustova,M
Semanského,M
Heydukova,M
Dobrovského,M
Šítkova,M
Šemberova,M
Černého,M
Lessnerova,M
Klausova,M
Dusíkova,M
Ampérova,M
Roithova,M
Horákova,M
Mrštíkova,M
Čumpelíkova,M
Salačova,M
Nového,M
Bryksova,M
Hypšmanova,M
Podlipného,M
Galandova,M
Biskupcova,M
Votočkova,M
Lukášova,M
Soukalova,M
Ohnivcova,M
Hroncova,M
Čajkovského,M
Smetáčkova,M
Švábova,M
Vidimova,M
Halasova,M
Kazimírova,M
Divišova,M
Winklerova,M
Rašova,M
Pirnerova,M
Výmolova,M
Žufanova,M
Perunova,M
Slámova,M
Wassermannova,M
Nevanova,M
Kubíkova,M
Kopalova,M
Krocínova,M
Roentgenova,M
Urbánkova,M
Steinerova,M
Pernického,M
Poupětova,M
Fořtova,M
Ctiborova,M
Kymrova,M
Půtova,M
Bubeníčkova,M
Kischova,M
Kandertova,M
Holekova,M
Petýrkova,M
Breitcetlova,M
náměstí I. P. Pavlova,M
Otakarova,M
Pláničkova,M
Smetanovo nábřeží,M
Kříženeckého náměstí,M
Jírovcovo náměstí,M
Petra Rezka,M
Jindřicha Plachty,M
Komenského náměstí,M
Antala Staška,M
Husovo náměstí,M
Jana Bílka,M
Vladislava Vančury,M
Josefa Vašíčka,M
Romaina Rollanda,M
Ševce Matouše,M
Fügnerovo náměstí,M
náměstí Svatopluka Čecha,M
Jindřicha Jindřicha,M
Matěje Hůlky,M
Kurta Konráda,M
Novákovo náměstí,M
Krčínovo náměstí,M
Pplk. Nováčka,M
Dražického náměstí,M
Mikuláše z Husi,M
Heineho,M
Verdiho,M
Jana Zajíce,M
Karla Křížka,M
Strossmayerovo náměstí,M
náměstí Antonína Pecáka,M
Miloše Havla,M
Heroldovy sady,M
Chaplinovo náměstí,M
Niederleho,M
Oty Bubeníčka,M
Nickerleho,M
Rudolfa Holeky,M
Čelakovského sady,M
Pavla Švandy ze Semčic,M
Bohumila Šimůnka,M
Karla Zicha,M
Hugo Haase,M
Walterovo náměstí,M
Tilleho náměstí,M
Pplk. Sochora,M
Jana Marka,M
Chittussiho,M
Václava Rady,M
Jana Ouřady,M
Miroslava Hamra,M
Jana Růžičky,M
Josefa Kočího,M
Násirovo náměstí,M
Rackova zahrada,M
Alšovy sady,M
Dienzenhoferovy sady,M
Charlese de Gaulla,M
Arnošta Valenty,M
Horovo náměstí,M
Alšovo nábřeží,M
Prokopovo náměstí,M
Rašínovo nábřeží,M
Viktora Huga,M
Riegrovy sady,M
Antonína Čermáka,M
Hořejšího,M
Františka Kadlece,M
Palackého náměstí,M
náměstí Sv. Petra a Pavla,M
nábřeží Kapitána Jaroše,M
Brandejsovo náměstí,M
Františka Jansy,M
S. K. Neumanna,M
Ladislava Coňka,M
Sitteho,M
Goetheho,M
Dr. Marodyho,M
Rychtáře Šimona,M
Kozinovo náměstí,M
Bohuslava Martinů,M
Oty Pavla,M
Vrchlického sady,M
Adolfa Pecha,M
Nedvědovo náměstí,M
Opata Konráda,M
Řezáčovo náměstí,M
Janáčkovo nábřeží,M
Jaromíra Jindry,M
náměstí Bratří Synků,M
Jiřího Jandy,M
Masarykovo nábřeží,M
Karla Michala,M
Brixiho,M
Badeniho,M
Kašeho,M
náměstí Jiřího Berana,M
Trojanův mlýn,M
Petra Bezruče,M
Kašparovo náměstí,M
náměstí Prezidenta Masaryka,M
Nám. Franze Kafky,M
Koláře Kaliny,M
Václavské náměstí,M
Jana Kašpara,M
Jindřicha Bubeníčka,M
Františka Šimáčka,M
Karla Hlaváčka,M
Generála Mejstříka,M
Lumiérů,M
náměstí Generála Kutlvašra,M
Puškinovo náměstí,M
Kutnauerovo náměstí,M
Jana Přibíka,M
Sladkovského náměstí,M
Romana Blahníka,M
náměstí Bratří Jandusů,M
náměstí Jiřího z Poděbrad,M
Josefa Houdka,M
Ostrčilovo náměstí,M
Jana Srba,M
Jakobiho,M
Karla Rachůnka,M
Milana Kadlece,M
náměstí Winstona Churchilla,M
Petra Slezáka,M
Horymírovo náměstí,M
Miroslava Hajna,M
Generála Šišky,M
Jaroslava Foglara,M
Ortenovo náměstí,M
Václava Trojana,M
Havlíčkovy sady,M
Mattioliho,M
Generála Píky,M
Karlovo náměstí,M
Bratří Čapků,M
Havlíčkovo náměstí,M
Švejcarovo náměstí,M
Jaromíra Vejvody,M
Bohuslava ze Švamberka,M
bratranců Veverkových,M
Fráni Šrámka,M
Nikoly Tesly,M
Škroupovo náměstí,M
Koníčkovo náměstí,M
Krejčího,M
Flemingovo náměstí,M
nábřeží Ludvíka Svobody,M
Šostakovičovo náměstí,M
Jaroslava Švehly,M
nábřeží Edvarda Beneše,M
Jiřího Mašína,M
Šárovo kolo,M
Martinelliho,M
Václava Kovaříka,M
Anderleho,M
plukovníka Mráze,M
Arbesovo náměstí,M
Václava Špačka,M
Karla Tomáše,M
Jana Masaryka,M
krále Václava IV.,M
náměstí Plukovníka Vlčka,M
Kpt. Nálepky,M
Elsnicovo náměstí,M
Mahlerovy sady,M
Zeyerova alej,M
Jana Jindřicha,M
sady Bratří Čapků,M
Hollarovo náměstí,M
Lyčkovo náměstí,M
Dvořákovo nábřeží,M
Karla Engliše,M
Slávy Horníka,M
Otakara Vrby,M
Ronalda Reagana,M
Bratří Venclíků,M
Tylovo náměstí,M
náměstí Jiřího z Lobkovic,M
Kosárkovo nábřeží,M
Josefa Němce,M
Franty Kocourka,M
Karla Kryla,M
Pavla Beneše,M
José Martího,M
Žižkovo náměstí,M
Generála Janouška,M
Trnkovo náměstí,M