Marie Pujmanové,F
Elzy Trioletové,F
náměstí Antonie Bejdové,F
Terezy Novákové,F
Tilschové,F
náměstí Boženy Němcové,F
Mojžíškové,F
Marie Kudeříkové,F
Boženy Němcové,F
M. D. Rettigové,F
Heleny Malířové,F
Heleny Salichové,F
Slávky Budínové,F
Cottonové,F
Marty Krásové,F
sad Boženy Němcové,F
Hany Kvapilové,F
Jarmily Glazarové,F
Marie Majerové,F
Maryčky Magdonové,F
Vlasty Vlasákové,F
Žofie Podlipské,F
Barbořina,F
Dianina,F
Karolíny Světlé,F
Anny Letenské,F
Františky Stránecké,F
Aloisina,F
Ludmilina,F
Violina,F
Justina,F
Libušina,F
Elišky Krásnohorské,F
Mariánské náměstí,F
Kischova,M
Čechova,M
Šolcova,M
Krameriova,M
Lorišova,M
Harantova,M
Opletalova,M
Poštulkova,M
Engelmüllerova,M
Kořenského,M
Stromského,M
Kounicova,M
Švermova,M
Zajícova,M
Syllabova,M
Turgeněvova,M
Škroupova,M
Zákrejsova,M
Chleborádova,M
Žalmanova,M
Závadova,M
Dolasova,M
Perunova,M
Vlčkova,M
Kanczuckého,M
Klášterského,M
Bohumíra Dvorského,M
Kotkova,M
Vrchlického,M
Lechowiczova,M
Schwaigrova,M
Musorgského,M
Thomayerova,M
Lassallova,M
Koněvova,M
Podroužkova,M
Hořínkova,M
Vrublova,M
Kepkova,M
Jiráskova,M
Tolstého,M
Slavíkova,M
Demlova,M
Laudova,M
Šlejharova,M
Mahenova,M
Lachova,M
Balbínova,M
Polákova,M
Halasova,M
Šubertova,M
Čujkovova,M
Zeyerova,M
Švabinského,M
Utvenkova,M
Hajnova,M
Martínkova,M
Dvořákova,M
Vaškova,M
Gorochovova,M
Šaldova,M
Krylovova,M
Šalounova,M
Pelclova,M
Suvorovova,M
Edisonova,M
Gebauerova,M
Holasova,M
Gollova,M
Dvořáčkova,M
Hollarova,M
Mánesova,M
Binarova,M
Čelakovského,M
Ševčenkova,M
Hečkova,M
Sarajevova,M
Jaroňkova,M
Zalužanského,M
Špillarova,M
Preslova,M
Holubova,M
Paličkova,M
Janského,M
Lumírova,M
Axmanova,M
Lechova,M
Lejskova,M
Otova,M
Tvardkova,M
Sámova,M
Zukalova,M
Makarenkova,M
Jindřichova,M
Závišova,M
Kubelíkova,M
Březinova,M
Hradeckého,M
Glazkovova,M
Ženíškova,M
Jasinkova,M
Marešova,M
Ostravického,M
Čermákova,M
Bernátkova,M
Sládečkova,M
Kálalova,M
Puchmajerova,M
Herodova,M
Veverkova,M
Rezkova,M
Blokova,M
Vyhlídalova,M
Denisova,M
Havláskova,M
Fügnerova,M
Holečkova,M
Náprstkova,M
Klímkova,M
Suchardova,M
Košňovského,M
Kubečkova,M
Kosmova,M
Kuršova,M
Chamrádova,M
Krestova,M
Abramovova,M
Lyčkova,M
Kubalova,M
Adamusova,M
Kotíkova,M
Blahoslavova,M
Pátova,M
Jana Zrzavého,M
Škrobálkova,M
Koperníkova,M
Kordova,M
Kaminského,M
Horymírova,M
Jungmannova,M
Kabarova,M
Chopinova,M
Zolova,M
Ježkova,M
Horova,M
Čechovova,M
Zvoníčkova,M
Janovského,M
Dobrovského,M
Gončarovova,M
Bartošova,M
Kobrova,M
Klikova,M
Pavlovova,M
Heritesova,M
Staňkova,M
Václavíkova,M
Krčínova,M
Pražanova,M
Reymontova,M
Budovcova,M
Gvužďochova,M
Serafinova,M
Knejzlíkova,M
Svojsíkova,M
Kukučínova,M
Ječmínkova,M
Brandlova,M
Ludvíkova,M
Pulkavova,M
Komarovova,M
Fišerova,M
Sabinova,M
Kochanova,M
Kolumbova,M
Petruškova,M
Teslova,M
Pepřicova,M
Herbenova,M
Božkova,M
Bořivojova,M
Knüpferova,M
Urbánkova,M
Rodimcevova,M
Těsnohlídkova,M
Venclíkova,M
Šafaříkova,M
Nálepkova,M
Krupova,M
Bukovanského,M
Averinova,M
Sklářova,M
Kutuzovova,M
Nedbalova,M
Bendova,M
Ahepjukova,M
Kavalova,M
Smíškova,M
Želivského,M
Kotlářova,M
Žoluděvova,M
Mařákova,M
Dostojevského,M
Vrázova,M
Rohova,M
Gogolova,M
Gurťjevova,M
Gajdošova,M
Pinkavova,M
Ostrčilova,M
Mrštíkova,M
Nejedlého,M
Legerova,M
Kalusova,M
Rokycanova,M
Majovského,M
Plechanovova,M
Alšova,M
Chodounského,M
Kaniokova,M
Stanislavského,M
Štablova,M
Marvanova,M
Žerotínova,M
Kašparova,M
Vinařického,M
Maroldova,M
Krouského,M
Fričova,M
Mikšova,M
Kubicova,M
Nešverova,M
Rundova,M
Sologubova,M
Radvanova,M
Podmolova,M
Dokoupilova,M
Jedličkova,M
Břenkova,M
Chalupova,M
Urbančíkova,M
Matrosovova,M
Heydukova,M
Tomkova,M
Myslivcova,M
Věšínova,M
Husarova,M
Jelínkova,M
Sušilova,M
Bažanova,M
Třeneckého,M
Blodkova,M
Prošinova,M
Rottrova,M
Foksova,M
Muklova,M
Kamarýtova,M
Gudrichova,M
Olbrachtova,M
Javůrkova,M
Karla Pokorného,M
Batorova,M
Kuchnova,M
Krokova,M
Motyčkova,M
Rudolfova,M
Najzarova,M
Haškova,M
Vydrova,M
Kotěrova,M
Mozartova,M
Garbova,M
Chrjukinova,M
Boháčova,M
Sýkorova,M
Jeseninova,M
Repinova,M
Markova,M
Křižíkova,M
Křížkovského,M
Erbenova,M
Přibylova,M
Liškova,M
Bendlova,M
Španielova,M
Hrabákova,M
Jeronýmova,M
Jiskrova,M
Úprkova,M
Pražákova,M
Karasova,M
Korandova,M
Poděbradova,M
Kozinova,M
Ostrovského,M
Pošepného,M
Grégrova,M
Bémova,M
Hegerova,M
Šamanova,M
Ryšlinkova,M
Tylova,M
Kolofíkova,M
Moyzesova,M
Tlapákova,M
Evžena Rošického,M
Helákova,M
Kokešova,M
Petroncova,M
Studničkova,M
Hešova,M
Bezručova,M
Razinova,M
Myslbekova,M
Mastného,M
Bozděchova,M
Klostermannova,M
Někrasovova,M
Kochova,M
Poláškova,M
Bivojova,M
Večerkova,M
Emanuela Podgorného,M
Třebízského,M
Tomáškova,M
Sládkova,M
Charvátova,M
Oborného,M
Píseckého,M
Joštova,M
Langrova,M
Mertova,M
Krištofova,M
Hýlova,M
Resslova,M
Řezáčova,M
Jestřábského,M
Rostislavova,M
Chaloupeckého,M
Kollárova,M
Hájkova,M
Vančurova,M
Kranichova,M
Matušínského,M
Štolbova,M
Malíkova,M
Božetěchova,M
Bogorodského,M
Rabasova,M
Bořivoje Čelovského,M
Dudova,M
Kmochova,M
Pobialova,M
Štefkova,M
Rýparova,M
Štěpaňákova,M
Ochmanova,M
Roháčova,M
Arbesova,M
Bajgarova,M
Červenkova,M
Tarnavova,M
Banášova,M
Bastlova,M
Kasalického,M
Peterkova,M
Kalvodova,M
Čihalíkova,M
Brusova,M
Zimmlerova,M
Bieblova,M
Želazného,M
Bráfova,M
Raisova,M
Koláčkova,M
Tesaříkova,M
Klegova,M
Menšíkova,M
Mitušova,M
Jandáskova,M
Kubínova,M
Vodanova,M
Praskova,M
Chrustova,M
Slámova,M
Glinkova,M
Olivova,M
Dubraviova,M
Zacpalova,M
Jahnova,M
Frankova,M
Klicperova,M
Holešova,M
Nováčkova,M
Chalupníkova,M
Podlahova,M
Milíčova,M
Vardasova,M
Čapajevova,M
Jurečkova,M
Bláhova,M
Lelkova,M
Sionkova,M
Balcarova,M
Alejnikovova,M
Ciorova,M
Smrčkova,M
Zengrova,M
Urxova,M
Adamcova,M
Kotalova,M
Sovova,M
Jablonského,M
Divišova,M
Boleslavova,M
Třanovského,M
Kafkova,M
Navrátilova,M
Jungbauerova,M
Asejevova,M
Žebrákova,M
Velflíkova,M
Kramolišova,M
Grmelova,M
Valova,M
Molákova,M
Gregárkova,M
Stratilova,M
Svatoplukova,M
Tyršova,M
Václava Jiřikovského,M
Slívova,M
Šmídova,M
Strelkovova,M
Mňukova,M
Lepařova,M
Dr. Malého,M
Ryskova,M
Urbaníkova,M
Chocholouškova,M
Barutova,M
Purkyňova,M
Chrobákova,M
Keltičkova,M
Ráčkova,M
Gregorova,M
Šaljapinova,M
Hlávkova,M
Gorkého,M
Paculova,M
Linkova,M
Katajevova,M
Franklinova,M
Škrétova,M
Žižkova,M
Vojanova,M
Pernerova,M
Matěje Kopeckého,M
Daliborova,M
Krušinova,M
Šimáčkova,M
Gregora Tajovského,M
Nerudova,M
Hýbnerova,M
Zapletalova,M
Bártova,M
Hviezdoslavova,M
Holainova,M
Suderova,M
Newtonova,M
Husova,M
Štěpničkova,M
Mendělejevova,M
Baarova,M
Kladivova,M
Janáčkova,M
Cingrova,M
Štítného,M
Hozova,M
Hynaisova,M
Klečkova,M
Heyrovského,M
Středulinského,M
Švejdova,M
Kratochvílova,M
Maixnerova,M
Wattova,M
Křístkova,M
Pláničkova,M
Čkalovova,M
Dobrovolského,M
Matuškova,M
Palackého,M
Zajcevova,M
Jeremenkova,M
Tvrdého,M
Hálkova,M
Hašlerova,M
Konečného,M
Klaklova,M
Holvekova,M
Bystřinova,M
Smirnovova,M
Kremličkova,M
Římanova,M
Uhrova,M
Ibsenova,M
Bedrnova,M
Sukova,M
Belikovova,M
Oráčova,M
Bosákova,M
Slavíčkova,M
Břustkova,M
Foerstrova,M
Bernerova,M
Macharova,M
Šmilovského,M
Dostálova,M
Krůčkova,M
Špálova,M
Hilbertova,M
Pjanovova,M
Šrobárova,M
Hubertova,M
Vincence Makovského,M
Nogova,M
Josefova,M
Wolkrova,M
Mečnikovova,M
Mičurinova,M
Fibichova,M
Havlíčkova,M
Malátova,M
Hončova,M
Gerasimovova,M
Dalimilova,M
Tomicova,M
Ruskova,M
Neklanova,M
Křišťanova,M
Úlehlova,M
Šiškinova,M
Radova,M
Ščerbovského,M
Velichova,M
Čapkova,M
Veleslavínova,M
Bolotova,M
Bolkova,M
Obrovského,M
Samoljovova,M
Riegrova,M
Rajnochova,M
Vaňkova,M
Mařátkova,M
Durčákova,M
Rozumova,M
Šupkova,M
Komenského,M
Chelčického,M
Jandova,M
Paškova,M
Smyčkova,M
Pastrňákova,M
Cholevova,M
Kovařovicova,M
Prokopa Velikého,M
Šurova,M
Foltova,M
Pavlouskova,M
Pasteurova,M
Palkovského,M
Baranovova,M
Klejchova,M
Šponarova,M
Františka Čechury,M
Bohuslava Martinů,M
Alberta Kučery,M
Jilemnického náměstí,M
náměstí Svatopluka Čecha,M
Josefa Dobeše,M
Františka Formana,M
Viktora Huga,M
Nezvalovo náměstí,M
E. F. Buriana,M
Kastelána Heřmana,M
Aloise Gavlase,M
Jana Maluchy,M
náměstí Dr. E. Beneše,M
Karla Hynka Máchy,M
Karla Tomana,M
Zdeňka Chalabaly,M
Ignáta Herrmanna,M
Aloise Parmy,M
Antonína Poledníka,M
Jindřicha Šajnara,M
Aleše Hrdličky,M
Ferdinanda Koláře,M
Leopolda Kříže,M
Nálepkovo náměstí,M
Oty Pavla,M
Karla Svobody,M
Milana Fialy,M
Josefa Brabce,M
náměstí Vítězslava Nováka,M
Josefa Valčíka,M
Petra Karla,M
Kpt. Jaroše,M
Jaroslava Misky,M
Bratří Sedláčků,M
Kpt. Vajdy,M
Sládkovičovo náměstí,M
Ervína Tenglera,M
Otakara Jeremiáše,M
Gen. Janka,M
Jindřicha Plachty,M
Jana Krejčího,M
Patrice Lumumby,M
náměstí Msgre Šrámka,M
Jana Šoupala,M
Jaroslava Seiferta,M
Jaroslava Štorkána,M
Františka Vantucha,M
Josefa Kotase,M
Dr. Grudy,M
Jiřího Herolda,M
Fráni Šrámka,M
Zdeňka Vavříka,M
Karola Šmidkeho,M
Bohumíra Četyny,M
Masarykovo náměstí,M
Ladislava Hosáka,M
Dr. Maye,M
Leoše Janáčka,M
Havlíčkovo náměstí,M
Emila Filly,M
Ondřeje Sekory,M
Alšovo náměstí,M
Jiřího Trnky,M
Václava Košaře,M
Ludvíka Podéště,M
Antonína Brože,M
Ladislava Ševčíka,M
Chittussiho,M
Bedřicha Václavka,M
Jana Ziky,M
náměstí Jiřího Myrona,M
Plk. Rajmunda Prchaly,M
Norberta Frýda,M
Jaromíra Šamala,M
Josefa Kainara,M
Františka Lýska,M
Gen. Hrušky,M
Mjr. Nováka,M
Josefa Šavla,M
Dr. Šmerala,M
náměstí Jana Nerudy,M
Stojanovo náměstí,M
Sokola Tůmy,M
Jakuba Korty,M
Jeremenkova osada,M
Oty Synka,M
Oskara Motyky,M
Havlíčkovo nábřeží,M
Dolejšího,M
Rtm. Gucmana,M
náměstí Dr. Brauna,M
Františka Hajdy,M
Gen. Sochora,M
Gen. Píky,M
Martina Henryho,M
Husovo náměstí,M
Prokešovo náměstí,M
Miloše Svobody,M
Jindřicha Mošny,M
Josefa Skupy,M
náměstí Gen. Svobody,M
Jaromíra Matuška,M
Ivana Sekaniny,M
Augustina Handzela,M
Jiráskovo náměstí,M
Dr. Šavrdy,M
Gustava Klimenta,M
náměstí Jurije Gagarina,M
náměstí Biskupa Bruna,M
Miroslava Bajera,M
Bedřicha Nikodema,M
Antonína Macka,M
Oldřicha Stibora,M
Bedřicha Smetany,M
Zdeňka Štěpánka,M
Dr. Kudely,M
náměstí Jiřího z Poděbrad,M
Antonína Kubity,M
Petra Křičky,M
Dr. Martínka,M
Ľudovíta Štúra,M
Smetanovo náměstí,M
náměstí Václava Vacka,M
Jana Škody,M
Zdeňka Bára,M
S. K. Neumanna,M
Jiřího Krále,M
Karla Aksamita,M
Jaromíra Richtera,M
Dr. Slabihoudka,M
Josefa Lady,M
Gen. Janouška,M