Tolstého;M
Jánský vršek; 
Pavelkova;M
Řepná; 
Freiwaldova;M
Vlachova;M
Točitá; 
Bartoňkova;M
Manželů Lyčkových; 
Plynární; 
Galvaniho; 
Farského;M
Dlabačov; 
Květnového vítězství; 
Ostrovského;M
Švehlova;M
Výstupní; 
Kroupova;M
Siemensova;M
Chelčického;M
Pošepného náměstí; 
Jungmannovo náměstí; 
Heyrovského náměstí; 
Hanzlíkova;M
Koroptví; 
Smolkova;M
Šaldova;M
Klánova;M
Ústavní; 
Zapova;M
Nekvasilova;M
Vačkářova;M
Srnčí; 
Michelangelova;M
Mráčkova;M
Farní; 
Dalimilova;M
Řeporyjské náměstí; 
Bachova;M
Euklidova;M
bratří Dohalských; 
Kolektivní; 
Kanova;M
Parléřova;M
Bešťákova;M
Veletržní; 
Janderova;M
Lužní; 
Ostrovní; 
Varhulíkové;F
Dany Medřické; 
Zálužanského;M
Ibsenova;M
Kaizlovy sady; 
náměstí Josefa Machka; 
Líbalova;M
Závrchy; 
Smotlachova;M
Mezi chatami; 
Sládkovičova;M
Janouchova;M
Novomeského;M
Souběžná III; 
Jiránkova;M
Stachova;M
Rýznerova;M
Prouzova;M
Marvanova;M
Slibná; 
Knapova;M
Stýblova;M
Otavova;M
Mickiewiczova;M
Nikoly Vapcarova;M
Rozdělená; 
Kramperova;M
Zenklova;M
Stavbařů; 
Jana Karafiáta; 
Boční II; 
Myslbekova;M
Hajní; 
Vnější; 
Lisztova;M
Picassova;M
Navrátilova;M
Jižní náměstí; 
Michnovka; 
Hájčí; 
Sezimova;M
Seminární; 
Tatarkova;M
Stoupající; 
Mezilehlá; 
Husova;M
Týnská ulička; 
Severýnova;M
Kunratická spojka; 
Zimákova;M
Zadní; 
Křižovnické náměstí; 
Suppého;M
Renoirova;M
Reinerova;M
Randova;M
Nepomuckých; 
Sládkova;M
Lipové náměstí; 
Mařatkova;M
Průčelní; 
Boženy Stárkové;F
Do Dubče; 
Chlumčanského;M
Čiklova;M
Herálecká II; 
Socháňova;M
Podolské nábřeží; 
Vycpálkova;M
Klárov; 
Daškova;M
Lesní; 
Smetanovo nábřeží; 
Staré náměstí; 
Branaldova;M
Leopoldova;M
Kříženeckého náměstí; 
Jižní IX; 
náměstí Osvoboditelů; 
Pecharova;M
Dubečské Horky; 
Nákupní; 
Poláčkova;M
Souběžná I; 
Drahorádova;M
Lindnerova;M
Klostermannova;M
Severní II; 
Čápova;M
Bromova;M
Pacajevova;M
Kellnerova;M
Hamplova;M
Nezvalova;M
Písčitá; 
Velké Kunratické; 
Trní; 
Královny Žofie; 
Ellnerové;F
Jáchymova;M
Borošova;M
Türkova;M
Gutfreundova;M
náměstí Padlých; 
Kpt. Stránského;M
Před ústavem; 
Kostelní náměstí; 
Úvoz; 
Sechterova;M
Černá; 
Zálesí; 
Vacínova;M
Vladimírova;M
Chládkova;M
Pšenčíkova;M
Vaňkova;M
Truhlářova;M
Tomanova;M
Přípřežní; 
Malebná; 
Burianova;M
Cihelná; 
Sluneční; 
Zátopkova;M
Troilova;M
Radčina; 
Mezi rybníky; 
Babákova;M
Mrázkova;M
Archimédova;M
náměstí Jana Palacha; 
Jižní VI; 
Přerušená; 
Mylnerovka; 
Petržílkova;M
Hořejší nábřeží; 
Andělova;M
Pravoúhlá; 
Urubova;M
Kožíškova;M
Osetá; 
Štúrova;M
Koláčkova;M
Kovriginova;M
Provozní; 
Harlacherova;M
Kubaštova;M
Společná; 
Nová kolonie; 
Jírovcovo náměstí; 
Voskovcova;M
Vejražkova;M
Gogolova;M
Dřevná; 
Slavíkova;M
Jednořadá; 
Otrubova;M
Nekázanka; 
Havlínova;M
Starobylá; 
Fischlova;M
Jihozápadní V; 
Petra Rezka; 
Prokopova;M
náměstí Hrdinů; 
Objízdná; 
Rypkova;M
Preslova;M
Dražického;M
Červený Mlýn; 
Hybešova;M
Štiplova;M
Hubičkova;M
Do Svépravic; 
Bozděchova;M
Severozápadní II; 
Hábova;M
Muzejní; 
Stružky; 
Lužná; 
Před oborou; 
Papírníkova;M
Nešporova;M
Křemenná; 
Národní obrany; 
Dačického;M
Spádná; 
Břízova;M
Donatellova;M
Velflíkova;M
Marciho; 
Rackova;M
Vrabčí; 
Krameriova;M
Mezi rolemi; 
náměstí Chuchelských bojovníků; 
Jirsákova;M
Národní; 
Dubnova;M
Tovarova;M
Petrské náměstí; 
Trojmezní; 
Do borovin; 
Moravanů; 
Štorchova;M
Salabova;M
Rubešova;M
Jiřího ze Vtelna; 
Štolcova;M
Bohdalec; 
Petrbokova;M
Strážní; 
Vestavěná; 
Úprkova;M
Závišova;M
Kecova;M
Vladislavova;M
Keplerova;M
Poljanovova;M
Do podkovy; 
Františka Křížka; 
Třanovského;M
Kelvinova;M
Mrkosova;M
Mánesova;M
Nová Šárka; 
Imrychova;M
Komunardů; 
Jašíkova;M
Živcových; 
Chaloupky; 
Kotlaska; 
Kafkova;M
Prodloužená; 
Slavníkova;M
Konopáskova;M
Roztylské sady; 
Bystrá; 
Bucharova;M
Wichterlova;M
Dieselova;M
Jindřicha Plachty; 
Mašatova;M
Nouzovské náměstí; 
Badeniho; 
Kroftova;M
Pšeničná; 
Neprůjezdná; 
Dvořákova;M
Nechanského;M
Chocholova;M
Dykova;M
Východní; 
Fragnerova;M
Mezi humny; 
Puchmajerova;M
Boudova;M
Bublíkova;M
Hájkova;M
Schoellerova;M
Márova;M
Elišky Junkové;F
Svépomocná; 
náměstí Protifašistických bojovníků; 
Církova;M
Lolkova;M
Přádova;M
Donátova;M
Urešova;M
Libušina; 
Kropáčkova;M
Kamenitá; 
Obchodní; 
Tvrdého;M
Celsiova;M
Petřínské sady; 
Národních hrdinů; 
Solná; 
Květoslavova;M
Výmarova;M
Hakenova;M
Kolonka; 
Koperníkova;M
náměstí Curieových; 
Hanusova;M
Letenské sady; 
Kádnerova;M
Bojčenkova;M
Slovanský ostrov; 
Dopplerova;M
Hrušovanské náměstí; 
Pravá; 
Hradčanské náměstí; 
Hluboká; 
Pikrtova;M
Kocianova;M
Högerova;M
Glinkova;M
Trnitá; 
Králova;M
Vzestupná; 
Plečnikova;M
Drtinova;M
Svépomoci; 
Svornosti; 
Nový Svět; 
Kašeho; 
Revoluční; 
Bryknarova;M
Zikova;M
Lohniského;M
Malý Okrouhlík; 
Gutova;M
Nerudova;M
Okružní; 
Herálecká I; 
Beranových; 
Šikmá; 
Roháčova;M
Batličkova;M
Vášova;M
Jiříčkové;F
Loučná; 
Vstupní; 
Churnajevova;M
Krátký lán; 
Dolina; 
Jižní XVI; 
Hokešovo náměstí; 
Jiráskovo náměstí; 
Macharovo náměstí; 
Stavební; 
Rychtáře Petříka; 
Jirečkova;M
Goyova;M
Radičova;M
Kamelova;M
Podholí; 
Od školy; 
Hradební; 
Hrabákova;M
Daňkova;M
Mandova;M
Bubnova;M
Štičkova;M
Minaříkova;M
Karenova;M
F.V.Veselého;M
Sartoriova;M
Biskupský dvůr; 
Vlasty Buriana; 
Obchodní náměstí; 
Běžná; 
Říčanova;M
Mahenova;M
dr. Zikmunda Wintra; 
Radúzova;M
Severní VII; 
Vavřenova;M
Bajgarova;M
Svěceného;M
Františka Diviše; 
Evy Olmerové;F
Froncova;M
Josefa Bíbrdlíka; 
Kampanova;M
Pospíchalova;M
Možného;M
Průchova;M
Wenzigova;M
Přístavní; 
Novotného lávka; 
Rabasova;M
Bendlova;M
Krovova;M
Těšnov; 
Bínova;M
Kramlova;M
Dominova;M
Výletní; 
Štolbova;M
Svojsíkova;M
Klečákova;M
Kolocova;M
Kováříkova;M
Vejvodova;M
Ringhofferova;M
Kubištova;M
Podůlší; 
Boční I; 
Stržná; 
Proti proudu; 
Dismanova;M
Petržílova;M
Mezi sklady; 
Komenského náměstí; 
Dolní Chaloupky; 
Park Přátelství; 
Štefánikova;M
Vlastina; 
Bazovského;M
Skuteckého;M
Antala Staška; 
Husovo náměstí; 
Kloknerova;M
Jana Bílka; 
Budilova;M
Pöslova;M
Strakatého;M
Vladislava Vančury; 
Bakurinova;M
Josefa Vašíčka; 
Romaina Rollanda; 
náměstí U svatého Jiří; 
Dobrovolského;M
Kudrnova;M
Stromovka; 
Ševce Matouše; 
Chotkova;M
Krásova;M
Fügnerovo náměstí; 
Severní VIII; 
Frostova;M
Kurandové;F
Vltavanů; 
Podle Kačerova;M
Rejchova;M
Jižní II; 
náměstí Svatopluka Čecha; 
Chalabalova;M
Ambrožova;M
Norbertov; 
Obrovského;M
Vyšší; 
Celetná; 
Do Říčan; 
Tlustého;M
Armády; 
Zdeňky Nyplové;F
Pešákova;M
Heckelova;M
Mládkova;M
Křížkovského;M
Neffova;M
Budislavova;M
Vnoučkova;M
Obětí 6. května; 
Peroutkova;M
náměstí U Lva; 
Malostranské nábřeží; 
Horkého;M
Fantova;M
Vimperské náměstí; 
Tomsova;M
Ovocná; 
Koubova;M
Příčná; 
Veverkova;M
Pelléova;M
Vzdušná; 
Neužilova;M
Kolčavka; 
Zakouřilova;M
Štamberk; 
Újezd; 
Myslivečkova;M
Sídliště; 
Krátká; 
Ladova;M
Mezipolí; 
Šplechnerova;M
Křovinovo náměstí; 
Podle náhonu; 
náměstí Míru; 
Pujmanové;F
Dopraváků; 
Zrzavého;M
Solidarity; 
Hennerova;M
Ceplechova;M
Waldesova;M
Dostojevského;M
Kotěrova;M
Rečkova;M
Libečkova;M
Zakrytá; 
Jablonského;M
Stallichova;M
Maličká; 
Jánošíkova;M
Davidovičova;M
Seifertova;M
Nedbalova;M
Engelova;M
Mojmírova;M
Do Dolnic; 
Fišerova;M
Váchalova;M
Hněvkovského;M
Zelenkova;M
Jindřicha Jindřicha; 
Volavkova;M
Demlova;M
Librova;M
Přechodní; 
Sibeliova;M
Matěje Hůlky; 
Boleslavova;M
Jihozápadní III; 
Malá Houdova;M
Bašteckého;M
Jižní XV; 
Lažanského;M
Mrkvičkova;M
Kolonie u obecní cihelny; 
Lichá; 
Kurta Konráda; 
Beníškové;F
Hradečkova;M
Novákovo náměstí; 
Krčínovo náměstí; 
Severozápadní VI; 
Politických vězňů; 
Žofie Podlipské; 
Ottova;M
Pplk. Nováčka; 
N. A. Někrasova;M
Heldova;M
Jateční; 
Holátova;M
Svážná; 
Stehlíkova;M
Nedokončená; 
Křesomyslova;M
Granitova;M
Bartůňkova;M
Košťálkova;M
Turgeněvova;M
Kurzova;M
Bedrnova;M
Cigánkova;M
Janovského;M
Sinkulova;M
Kutilova;M
náměstí Jiřího Berana; 
Štefkova;M
Vágnerova;M
Severní I; 
náměstí Barikád; 
Tichá; 
Půlnoční; 
Podvinný mlýn; 
Zbuzkova;M
Dražického náměstí; 
Pavlíkova;M
Krohova;M
Bažantní; 
Václava Balého;M
Mikuláše z Husi; 
Jižní XII; 
Šimkova;M
Želivka; 
Rubensova;M
Hauptova;M
Do zahrádek I; 
Markušova;M
Bartoškova;M
Vodní; 
Pokojná; 
Bacháčkova;M
Lexova;M
Husníkova;M
Břidličná; 
Gabčíkova;M
náměstí Přátelství; 
Františkova;M
Ponrepova;M
Bekova;M
Hálkova;M
Pekárkova;M
Zúžená; 
Brdlíkova;M
Heineho; 
Jelínkova;M
Čuprova;M
Čs. tankistů; 
Veslařský ostrov; 
9. května; 
Rovnoběžná; 
Malá Tyršovka; 
Brigádníků; 
Verdiho; 
Stará Spojovací; 
Dudkova;M
náměstí 25. března; 
Vápenná; 
Žateckých; 
Kunešova;M
Gymnasijní; 
Jana Zajíce; 
Trojanův mlýn; 
Pelnářova;M
Černičná; 
Letní; 
Mazancova;M
Rybničná; 
Hostošova;M
Mádrova;M
Madarova;M
Koulka; 
Poděbradova;M
Hausmannova;M
Mezi lysinami; 
Malletova;M
Fikerova;M
Sichrovského;M
Mikšovského;M
Loosova;M
Karla Křížka; 
Kryštofova;M
Františka Černého;M
Edvardova;M
Jindřichova;M
Hrubínova;M
Vršní; 
Korunní; 
Lupáčova;M
Strossmayerovo náměstí; 
Laubova;M
Brodského;M
Přespolní; 
Spojená; 
Herálecká III; 
Maroldova;M
Armádního sboru; 
Šárovo kolo; 
Borovanského;M
Kejhova;M
Mezi vodami; 
Hálova;M
Vodňanského;M
náměstí Pod kaštany; 
Ctiradova;M
Obsiny; 
Jitřní; 
Svatavina; 
Konopova;M
Hübnerové;F
Kuželova;M
Tržiště; 
náměstí Antonína Pecáka; 
Do roklí; 
Paláskova;M
Ingrišova;M
Závěrka; 
Kočova;M
Zámecké schody; 
Jungmannova;M
Večerní; 
Frimlova;M
Třístoličná; 
Levského;M
Švábky; 
Miloše Havla; 
Brandejsova;M
Křičkova;M
Tauferova;M
Slepá II; 
Sekaninova;M
Řečického;M
Rooseveltova;M
Špotzova;M
Harantova;M
Hrušínského;M
Plojharova;M
Zárybničná; 
Koberkova;M
Chopinova;M
Heroldovy sady; 
Mladých; 
Marty Krásové;F
Elišky Peškové;F
Pacholíkova;M
Rybova;M
Chaplinovo náměstí; 
Čihákova;M
náměstí Kinských; 
Gerstnerova;M
Niederleho; 
Laudonova;M
Hertzova;M
Plutova;M
Senovážné náměstí; 
Internacionální; 
Nový Zlíchov; 
Hankova;M
Západní; 
Hejtmánkova;M
Hasova;M
Blériotova;M
Nebeského;M
Šimonova;M
Vokáčova;M
Nové dvory; 
Pražského povstání; 
Šmolíkova;M
Panský dvůr; 
Bassova;M
Malá Xaveriova;M
Mezi lány; 
Horní Chaloupky; 
Dreyerova;M
Zelený pruh; 
Podhajská pole; 
Děkanská vinice II; 
Oty Bubeníčka; 
Truhlářka; 
Nickerleho; 
Neumannova;M
Rudolfa Holeky; 
Bílkova;M
Čelakovského sady; 
Adélčina; 
Řetězokovářů; 
Kotovka; 
Pechlátova;M
Golčova;M
Pavla Švandy ze Semčic; 
Jarešova;M
Pasteurova;M
Studniční; 
Anenské náměstí; 
Matějovského;M
Ocelíkova;M
Březanova;M
Vlčkova;M
Staňkovka; 
Šimůnkova;M
Tauerova;M
Hrudičkova;M
Prosluněná; 
Bohumila Šimůnka; 
Wiedermannova;M
Maříkova;M
Vazovova;M
Fillova;M
Hraniční; 
Rostislavova;M
Roškotova;M
Štulcova;M
Šimáčkova;M
Karla Zicha; 
Svobodova;M
Křemencova;M
Merhoutova;M
Vidlák; 
Botevova;M
Malý dvůr; 
Mezi domy; 
Suchý vršek; 
Žalanského;M
Dunajevského;M
Družná; 
Taussigova;M
Hrad III. nádvoří; 
Lipenské náměstí; 
Hugo Haase; 
Šedivého;M
Vinořské náměstí; 
Kupeckého;M
Jirsíkova;M
Dlážděná; 
Zachova;M
Žalmanova;M
Volkovova;M
Provázkova;M
Sudkova;M
Walterovo náměstí; 
Olivova;M
Macháčkova;M
Beaufortova;M
Vzpoury; 
Paroplavební; 
Kuncova;M
Slepá I; 
Tilleho náměstí; 
Sádky; 
Pplk. Sochora; 
Vítkova;M
Farkašova;M
Do Lipin; 
Koštířova;M
Pražský okruh; 
Předškolní; 
Jana Marka; 
Viklefova;M
Brechtova;M
Děkanská vinice I; 
Brichtova;M
Vlastislavova;M
Kateřinské náměstí; 
Faradayova;M
Pětipeského;M
Chittussiho; 
Jezevčí; 
Polesná; 
Rohanské nábřeží; 
Jíchova;M
Václava Rady; 
Jana Ouřady; 
Koťátkova;M
Vašátkova;M
Strmá; 
Šulcova;M
Kozmíkova;M
Krolmusova;M
Bartoňova;M
Strouhalova;M
Miroslava Hamra; 
Malá Skloněná; 
Babiččina; 
Do zahrádek II; 
Vysočanské náměstí; 
Od Vysoké; 
Ulčova;M
Jana Růžičky; 
Smiřického;M
Josefa Kočího; 
Cvičebná; 
Sabinova;M
Amortova;M
Janákova;M
Adlerova;M
Kabátové;F
Násirovo náměstí; 
Paculova;M
Sojčí; 
Čechova;M
Šantrochova;M
Boženy Němcové;F
Anny Letenské; 
Bernolákova;M
Brabcova;M
náměstí Dr. Václava Holého;M
Herálecká IV; 
Rackova zahrada; 
Osamocená; 
Šromova;M
Bulovka; 
Rozvodova;M
Severozápadní III; 
Zoubkova;M
Djačukova;M
Fibichova;M
Horní; 
Ulrychova;M
Křivá; 
Koulova;M
Planerových; 
Mechovka; 
Emilie Hyblerové;F
Soběslavova;M
Bermanova;M
Do koutů; 
Kostnické náměstí; 
Rajmonova;M
Opletalova;M
Dvouramenná; 
Baranova;M
Hamsíkova;M
náměstí Pod lípou; 
Charvátova;M
Jana Želivského;M
Meinlinova;M
Karlova;M
Ostrá; 
Rážova;M
Voňkova;M
Emlerova;M
Pelikánova;M
Zelená; 
Hrad I. nádvoří; 
Včelničná; 
Přátelství; 
Irvingova;M
Vlasty Průchové;F
Linhartova;M
Vokrojova;M
Alšovy sady; 
Prokopka; 
Borského;M
Cimburkova;M
Boušova;M
Přípotoční; 
Jasenná; 
Doležalova;M
Železničářů; 
Radnické schody; 
Stará cesta; 
Dienzenhoferovy sady; 
Vinařického;M
Hasičů; 
Hráského;M
Černochova;M
Pobřežní; 
Pokřivená; 
Obslužná; 
Smolíkova;M
Lukavského;M
Kupkova;M
Ztracená; 
Stružná; 
Maiselova;M
Výchozí; 
Lidického;M
Pánkova;M
Staniční; 
Podle lomu; 
Jansova;M
Kopeckého;M
Formánkova;M
Charlese de Gaulla; 
Rošických; 
Maltézské náměstí; 
Rejskova;M
Feřtekova;M
Šetelíkova;M
Samcova;M
Kameníků; 
Srázná; 
Hřebíkova;M
Dolní; 
Haštalské náměstí; 
Velfloviců; 
Podpěrova;M
Chaloupeckého;M
Osluněná; 
Velenovského;M
Při Botiči; 
Hudcova;M
Janského;M
Slunečná; 
Hlavní; 
Církvičná; 
Výtvarná; 
Říční; 
Ježdíkova;M
Raffaelova;M
Fastrova;M
Klementova;M
Nové domy; 
Bellova;M
náměstí Na Lužinách; 
Staré zámecké schody; 
Rothmayerova;M
Ječná; 
Tajovského;M
Příčka; 
Jihovýchodní III; 
Čtyřdílná; 
Werichova;M
Sousedíkova;M
Uhelný trh; 
Sluneční náměstí; 
Velká skála; 
Klivarova;M
Kubišova;M
Deylova;M
Fadějevova;M
Kolínova;M
Kukučínova;M
Skloněná; 
Škábova;M
Arnošta Valenty; 
Fabiánova;M
Kovařovicova;M
Vojtíškova;M
Záhořanského;M
Potoční; 
Glowackého;M
Erbenova;M
Boženy Jandlové;F
Mladčina; 
Prachnerova;M
Kolbenova;M
Jižní XIV; 
Dürerova;M
Ruzyňské schody; 
Machuldova;M
Anhaltova;M
Machatého;M
Trytova;M
Hostinského;M
Jiříčkova;M
Tadrova;M
Dvořeckého;M
Dvorní; 
Nečova;M
Hornofova;M
Mladých Běchovic; 
Panská zahrada; 
Hubáčkova;M
Mezivrší; 
Jeseniova;M
Úzká; 
Švabinského;M
Ohradské náměstí; 
17. listopadu; 
Havlovického;M
Severní IV; 
Mládí; 
Petra Bezruče; 
Kašparovo náměstí; 
Brzorádových; 
Jansenova;M
Kloboukova;M
Barunčina; 
Severní V; 
Věkova;M
náměstí Prezidenta Masaryka; 
Elišky Krásnohorské; 
Jihozápadní VI; 
Boučkova;M
Ciolkovského;M
Ovesná; 
Kotíkova;M
Malá lada; 
Paříkova;M
Balabánova;M
Nám. Franze Kafky; 
Hudební; 
Koláře Kaliny; 
Do Lipan; 
Václavské náměstí; 
Mošnova;M
Mrázovka; 
Pramenná; 
Korandova;M
Opálkova;M
Stejskalova;M
Jana Kašpara; 
Jindřicha Bubeníčka; 
Glazunovova;M
Holubkova;M
Vítězná; 
Krajánkova;M
Františka Šimáčka; 
Eledrova;M
Lounských; 
Foerstrova;M
Křepelčí; 
Oldřichova;M
Kratochvílova;M
Vyvýšená; 
Čelná; 
Gregorova;M
Studená; 
Burdova;M
Šternova;M
náměstí Smiřických; 
Nepasické náměstí; 
Jandova;M
Danielova;M
Maternova;M
Sestupná; 
Štursova;M
Starý lis; 
Záhorského;M
Spiritka; 
Severní IX; 
Bečvářova;M
Školní; 
Sevřená; 
Zavadilova;M
Vinšova;M
Božkova;M
Tusarova;M
Spálená; 
Klikatá; 
Karla Hlaváčka; 
Vosmíkových; 
Gollova;M
Nikodémova;M
Spojovací; 
Wiesenthalova;M
Vlasty Hilské; 
Betlémské náměstí; 
Viničná; 
Tovačovského;M
Štverákova;M
Jižní XVII; 
Kvapilova;M
Brdičkova;M
Generála Mejstříka; 
Kadečkové;F
Mírového hnutí; 
Gorazdova;M
Duchoslávka; 
Uzoučká; 
Stárkova;M
Dětský ostrov; 
Perspektivní; 
Nesvadbova;M
Spálený mlýn; 
Pobočná; 
Lumiérů; 
Sdružení; 
Čertův vršek; 
Branislavova;M
náměstí Generála Kutlvašra; 
Podle sadů; 
Klamovka; 
Horynova;M
Kořenského;M
Budínova;M
Mezihoří; 
Tejnka; 
Hečkova;M
Vošahlíkova;M
Puškinovo náměstí; 
Engelmüllerova;M
Kutnauerovo náměstí; 
Freyova;M
Jana Přibíka; 
Vzdálená; 
Sladkovského náměstí; 
Čermákova;M
Univerzitní; 
Kotršálova;M
Herrmannova;M
Archivní; 
Šultysova;M
Spojná; 
Destinové;F
Thákurova;M
Borečkova;M
Všehrdova;M
Jeremiášova;M
Postlova;M
Dygrýnova;M
Chalupkova;M
Nezdova;M
Myslíkova;M
Kožná; 
Protilehlá; 
Romana Blahníka; 
Jihovýchodní V; 
Lamačova;M
Malá; 
Šrobárova;M
náměstí Bratří Jandusů; 
Sokratova;M
Hoškova;M
Srnečkova;M
Klíčova;M
Mezi domky; 
Krausova;M
Do vrchu; 
Zítkova;M
Cíglerova;M
Škrábkových; 
Lehárova;M
Přeučilova;M
Wolkerova;M
Sulova;M
Olbrachtova;M
Smírná; 
Sbíhavá II; 
Jankovcova;M
Sauerova;M
Benákova;M
náměstí Jiřího z Poděbrad; 
Zámezí; 
Vojenova;M
Magistrů; 
Binarova;M
náměstí Na Balabence; 
Musorgského;M
Srbova;M
Weilova;M
Kardausova;M
Křenova;M
Starého;M
Hofbauerova;M
Cibulka; 
Matoušova;M
Kálmánova;M
Nábřežní; 
Pražského;M
Saturnova;M
Široká; 
Vocelova;M
Urxova;M
Chvalova;M
Černohorského;M
Jednostranná; 
sady Bratří Čapků; 
Zapských; 
Hollarovo náměstí; 
Rekreační; 
Nedošínské; 
náměstí Pod Emauzy; 
Lyčkovo náměstí; 
Dvořákovo nábřeží; 
Menclova;M
Wattova;M
Talafúsova;M
Šperlova;M
Petříkova;M
Voskova;M
Stoličkova;M
Valentova;M
Karla Engliše; 
Kalvodova;M
Hrdinova;M
Molákova;M
Hanzelkova;M
Šímova;M
Před Cibulkami; 
Vrázova;M
Diblíkova;M
Havraní; 
Slávy Horníka; 
Muchova;M
Stará obec; 
Náhorní; 
Slaviborské náměstí; 
Sbíhavá I; 
Jasná II; 
Chlupova;M
Klecandova;M
Markupova;M
Tererova;M
Kusá; 
Jančova;M
Pavla Beneše; 
Olgy Havlové;F
náměstí Zdenky Braunerové;F
Plajnerova;M
Lomnického;M
Levobřežní; 
Vybíralova;M
Holečkova;M
Valčíkova;M
Dušní; 
Vachkova;M
Hanouškova;M
Alej Českých exulantů; 
Haberfeldova;M
José Martího; 
Vršovka; 
Tomíčkova;M
Purkyňova;M
Zlatnice; 
Souběžná II; 
Fuchsova;M
Pokorného;M
Vnitřní; 
Františka Červeného;M
Severovýchodní I; 
Splavná; 
Kosí; 
Havelská ulička; 
Rovná; 
Železniční; 
Otakara Vrby; 
Holubova;M
Kodymova;M
Do Čertous; 
Kostrbova;M
Do Píšovic; 
náměstí Na Farkáně; 
Kozlova;M
Hanušova;M
Mezilesní; 
Kačírkova;M
Skupova;M
Druhého odboje; 
Sekorova;M
Rembrandtova;M
Kaprova;M
Sídlištní; 
Míčova;M
Družstevní ochoz; 
Stamicova;M
Šiškova;M
Zelená louka; 
náměstí Organizace spojených národů; 
Mezi stráněmi; 
Jezerní; 
Raisova;M
Prefátova;M
Besední; 
Sofijské náměstí; 
Josefa Němce; 
Šafránkova;M
Skaláků; 
Poslední; 
Červeňanského;M
Název ulice; 
Dvorecké náměstí; 
Kobrova;M
Tovární; 
Karfíkova;M
Lýskova;M
Makovského;M
Tachovské náměstí; 
Libeňský ostrov; 
Jižní V; 
Šlitrova;M
Kochanova;M
Ronalda Reagana; 
Předpolní; 
Kubelíkova;M
Severovýchodní VI; 
Angelovova;M
Korybutova;M
Návršní; 
Bořivojova;M
Nepravidelná; 
Prebslova;M
Pohledná; 
Kyselova;M
Volkova;M
Hackerova;M
Marešova;M
Ohradní; 
Šejbalové;F
Přeťatá; 
Janýrova;M
Prosná; 
Heleny Malířové;F
Mukařovského;M
Doudova;M
Podle trati; 
Neklanova;M
Havlíčkovy sady; 
Zastrčená; 
Merkurova;M
Předvoje; 
Cuřínova;M
náměstí Omladiny; 
Mattioliho; 
Coriových; 
Münzbergerových; 
Bartákova;M
Moulíkova;M
Vrbenského;M
Svitákova;M
Muškova;M
Holubí; 
Generála Píky; 
Pastevců; 
Šlikova;M
Ševčenkova;M
Dvouletky; 
Panenky; 
Herrova;M
Zámišova;M
Milíčova;M
Kabešova;M
Hlávkova;M
Šumavského;M
Sušilova;M
Podéšťova;M
Honzíkova;M
Písnické zahrady; 
Spojařů; 
Vyskočilova;M
Boříkova;M
Drobná; 
Utěšilova;M
náměstí U lípy svobody; 
Jurkovičova;M
Blahníkova;M
Družnosti; 
Langweilova;M
Jana Čerstvého;M
Polední; 
Chlupáčova;M
Majerského;M
Kotlářka; 
Pelzova;M
Pelclova;M
Jihovýchodní VII; 
Do Hlinek; 
Kostečná; 
Liščí; 
Pickova;M
náměstí Českého povstání; 
Karlovo náměstí; 
Brandlova;M
Chmelířova;M
Krokova;M
Daliborova;M
zahrada Na baště; 
Radimova;M
Před rybníkem; 
Šůrova;M
Washingtonova;M
Aristotelova;M
Richtrova;M
Kunínova;M
Michnova;M
Týmlova;M
Hrozného;M
Riegrova;M
Ploštilova;M
Naskové;F
Jeremenkova;M
Přemyslova;M
Dopravní; 
Nádražní; 
Bratří Čapků; 
Karlínské náměstí; 
Špeciánova;M
Juárezova;M
Viktorčina; 
Šedova;M
Plošná; 
Sicherova;M
Kettnerova;M
Chodovecké náměstí; 
Voctářova;M
Podjezd; 
Minerální; 
Zárubova;M
náměstí Bořislavka; 
Zkrácená; 
Hillebrantova;M
Havlíčkovo náměstí; 
Švejcarovo náměstí; 
Hlaďova;M
Valdštejnské náměstí; 
Saudkova;M
Mezi školami; 
Jaromíra Vejvody; 
Helmova;M
Felberova;M
Prostřední; 
Severní III; 
Ledvinova;M
Bratří Venclíků; 
Krahulčí; 
Zelenky-Hajského;M
Ohmova;M
Tylovo náměstí; 
Šmeralova;M
Resslova;M
Andrštova;M
Fajtlova;M
Ronkova;M
Stiessova;M
Šatrova;M
Kesnerka; 
Veronské nám.; 
Velká lada; 
Frančíkova;M
Schwaigerova;M
Zázvorkova;M
Dvoudílná; 
Matějkova;M
Kremličkova;M
Píškova;M
Malého;M
Jihozápadní II; 
Zahradní; 
Soudní; 
Výstaviště; 
náměstí Na stráži; 
Strmý vrch; 
Kobyliské náměstí; 
Pivcova;M
Hellichova;M
Pěší; 
Olšanské náměstí; 
Meskářova;M
Miranova;M
Štochlova;M
Šubertova;M
Panuškova;M
Blattného;M
Hládkov; 
Do potoků; 
Havlůjové;F
Šestidomí; 
Skalní; 
Tyršova;M
Stará náves; 
Mydlářka; 
Cvrčkova;M
Rytířova;M
Kobylákova;M
Pištěkova;M
Letenské náměstí; 
Kulhavého;M
Kartounářů; 
Mejstříkova;M
Šebelova;M
Havlíčkova;M
náměstí Jiřího z Lobkovic; 
Plamínkové;F
Lesného;M
Přední; 
Sovákova;M
Kludských; 
Kosárkovo nábřeží; 
Klicperova;M
Severní XI; 
Pešinova;M
Před Skalkami II; 
Ocelkova;M
Štichova;M
Štorkánova;M
Jižní spojka; 
Návazná; 
Do zátiší; 
Khodlova;M
Kozinova;M
Barešova;M
Bohuslava ze Švamberka; 
Měsíční; 
Luční; 
Matjuchinova;M
Obora Hvězda; 
Radistů; 
Před Skalkami I; 
Zvěřinova;M
Nezamyslova;M
Benáčanova;M
Mikovcova;M
Wuchterlova;M
Horalova;M
Faltysova;M
Einsteinova;M
Kukulova;M
Neustupného;M
Selských baterií; 
bratranců Veverkových; 
Boršov; 
Do polí; 
Červená; 
Fráni Šrámka; 
Bolzanova;M
Tunelářů; 
Horní Stromky; 
Beldova;M
Modrého;M
Řehořova;M
Jarníkova;M
Přecechtělova;M
Pecháčkova;M
Těšíkova;M
Krásného;M
Hurbanova;M
Legerova;M
Heřmanova;M
Brunelova;M
Polákova;M
Květná; 
Tomkova;M
Před skálou; 
Jihovýchodní II; 
Nyklíčkova;M
Grammova;M
Vodičkova;M
Výjezdní; 
Stříbrského;M
Nikoly Tesly; 
Nemocniční; 
Edisonova;M
Englerova;M
Jižní VIII; 
Jihovýchodní IX; 
Musílkova;M
Magdalény Rettigové;F
Předposlední; 
Siwiecova;M
Pohořelec; 
Veselá; 
Velebného;M
Heranova;M
Mikanova;M
Škroupovo náměstí; 
Komárkova;M
Adamova;M
Šumberova;M
Výzkumníků; 
Elišky Přemyslovny; 
Červenkova;M
Markova;M
Otevřená; 
Kolmistrova;M
Kollárova;M
Kamenná; 
Blažíčkova;M
Okrajní; 
Sýkorčí; 
Muzikova;M
Hostivařské náměstí; 
Do Chuchle; 
Kemrova;M
Metodějova;M
Saveljevova;M
Liborova;M
Šolínova;M
Svažitá; 
Suttnerové;F
Cukerní; 
Železná; 
Morseova;M
Křemelná; 
Franty Kocourka; 
Nádvorní; 
Tomáškova;M
Karla Kryla; 
Do luk; 
Cukrova;M
Kakosova;M
Manská zahrada; 
Kristiánova;M
Pajerova;M
Sobolákova;M
Kostlivého;M
Hřbitovní; 
Čapkova;M
Janečkova;M
Braunerova;M
Filipíny Welserové;F
Bachmačské náměstí; 
Sulanského;M
Kaškova;M
Revoluce; 
Šustova;M
Thomayerova;M
Stroupežnického;M
Boháčova;M
Kabeláčova;M
Modrá; 
Thámova;M
Podnádražní; 
Vratislavova;M
Bohúňova;M
Třebízského;M
Špálova;M
Jihozápadní I; 
Podnikatelská III; 
Rašilovova;M
Petráčkova;M
Placina; 
Filipovského;M
Ryšánkova;M
Senovážná; 
Pětidomí; 
Smrčkova;M
Martinelliho; 
Pátkova;M
Duškova;M
Kučerové;F
Frydrychova;M
Drahobejlova;M
Preislerova;M
Vyhlídkova;M
Nechvílova;M
Chocholouškova;M
Václava Kovaříka; 
Pavrovského;M
Mečislavova;M
Rokytná; 
Bílá; 
Kurkova;M
Trampotova;M
Galileova;M
Procházkova;M
Bendova;M
Pejevové;F
Pancířova;M
Jaromírova;M
Štěpánkova;M
Krškova;M
Před tratí; 
Hekova;M
Laurinova;M
Baarova;M
Zdaru; 
Grussova;M
Spinozova;M
Pomezní; 
Vitíkova;M
Blažkova;M
Nepovolená; 
Anderleho; 
Kozí; 
Huberova;M
Česákova;M
plukovníka Mráze; 
Severní VI; 
Jaurisova;M
Severozápadní IV; 
Deštná; 
R.A. Dvorského;M
Trhanovské náměstí; 
Arbesovo náměstí; 
Kohoutových; 
Strnady; 
Cafourkova;M
Průchodní; 
Cílkova;M
Hekrova;M
Václava Špačka; 
Karla Tomáše; 
Poplužní; 
Polní; 
Jana Masaryka; 
Bolívarova;M
Meziluží; 
Ovocný trh; 
Mokrá; 
Gercenova;M
Klapálkova;M
Kodicilova;M
Do vršku; 
Koníčkovo náměstí; 
Soví vršek; 
Šircova;M
Konzumní; 
Pernerova;M
Jižní III; 
Mezi úvozy; 
Ondříčkova;M
Bergerova;M
Janouškova;M
Havránkova;M
Táhlá; 
Konečná; 
Kaňkovského;M
Bezprašná; 
Běhounkova;M
Do Újezda; 
Štíbrova;M
Trojdílná; 
7. května; 
Pešlova;M
Jarní; 
Pouchova;M
Meliorační; 
Demoliční; 
Zavátá; 
Koldínova;M
Haunerova;M
Mýtní; 
Snopkova;M
Mariánské náměstí; 
Travnatá; 
Josefa Houdka; 
Cyprichova;M
Lipová alej; 
Severovýchodní II; 
Jupiterova;M
Weissova;M
Prusíkova;M
Pohnertova;M
Ostrčilovo náměstí; 
Jana Srba; 
Jasná I; 
Platónova;M
Rozárčina; 
Rokycanova;M
Radostná; 
Trávníčkova;M
Skalnatá; 
Kučerova;M
Bydžovského;M
Svátkova;M
Kálikova;M
Jakobiho; 
Před nádražím; 
Náprstkova;M
Chráněná; 
Tilschové;F
Řásnovka; 
Záluské; 
Hlaváčova;M
Ovčí hájek; 
Pilotů; 
Gočárova;M
8. listopadu; 
Darwinova;M
Drahoňovského;M
Talichova;M
Wilsonova;M
Lomená; 
Kalašova;M
Vnislavova;M
Gaussova;M
Podlesek; 
Polívkova;M
Přímá; 
Laudova;M
Filipova;M
Brožíkova;M
Karla Černého;M
Nové mlýny; 
Svatoslavova;M
Federova;M
Preláta; 
Hlušičkova;M
Herbenova;M
náměstí 14. října; 
Bieblova;M
Velkopřevorské náměstí; 
Celniční; 
V. P. Čkalova;M
Do kopečka; 
Zapomenutá; 
Karla Rachůnka; 
Císařský ostrov; 
Horovo náměstí; 
Před mosty; 
Tupolevova;M
Kuní; 
Lannova;M
Kaňkova;M
Nosticova;M
Sumova;M
Oddělená; 
Anastázova;M
Křišťanova;M
Staňkova;M
Mařákova;M
Do údolí; 
Nárožní; 
Ratajova;M
Braunova;M
Heinemannova;M
Jílkova;M
Matúškova;M
Malá Plynární; 
Malátova;M
Konecchlumského;M
České družiny; 
Klímova;M
Alšovo nábřeží; 
Lehotského;M
Palackého;M
Šmilovského;M
Roztylské náměstí; 
Trousilova;M
Sukova;M
Jihovýchodní I; 
Augustinova;M
Do čtvrti; 
Prokopovo náměstí; 
Československého exilu; 
Hvězdova;M
Čs. armády; 
Závadova;M
Drtikolova;M
Holoubkova;M
Škarvadova;M
Do rybníčků; 
Novákova;M
Rašínovo nábřeží; 
Skřivanova;M
náměstí Svobody; 
Houdova;M
Hrdličkova;M
Hájíčkova;M
Krátkého;M
Hadovitá; 
Kryšpínova;M
Loretánské náměstí; 
Trojanova;M
Vosátkova;M
Červená báň; 
Cihlářova;M
Severozápadní I; 
Závist; 
Famfulíkova;M
Viktora Huga; 
Fričova;M
náměstí Mezi zahrádkami; 
Dubeckého;M
Křemílkova;M
Drážní; 
Trachtova;M
Bubenské nábřeží; 
Šafaříkova;M
Lesáků; 
Prokofjevova;M
Mašínova;M
Bělinského;M
Riegrovy sady; 
Newtonova;M
Zlatá ulička u Daliborky; 
Schnirchova;M
Albertov; 
Burešova;M
Vlaštovčí; 
Pertoldova;M
Poberova;M
Košířské náměstí; 
Murgašova;M
Nepelova;M
Matěchova;M
Slavínského;M
Legionářů; 
Mendelova;M
Natanaelka; 
Nušlova;M
Průtažní; 
Hrubého;M
Rezlerova;M
Rubličova;M
Rakousova;M
Spolupráce; 
Ebrova;M
Vobrubova;M
Malé náměstí; 
Michalovicova;M
Peštukova;M
Ouhrabkova;M
Šafářova;M
Mladotova;M
Kubínova;M
Vojtova;M
Slavatova;M
Zemanka; 
Do Blatin; 
Antonína Čermáka; 
Hořejšího; 
Anežky Malé; 
Dělená; 
Mikulova;M
Kovářova;M
Fajmanové;F
Františka Kadlece; 
Hynaisova;M
Palackého náměstí; 
Durychova;M
Tigridova;M
Jihovýchodní VIII; 
náměstí Sv. Petra a Pavla; 
nábřeží Kapitána Jaroše; 
Březovského;M
Mikuleckého;M
Marie Podvalové;F
Píseckého;M
Austova;M
Čeňkova;M
Kubova;M
Proutěná; 
Ludvíkova;M
Eichlerova;M
Studničkova;M
Doubravínova;M
Vejvanovského;M
Brandejsovo náměstí; 
Gallašova;M
Průhonek; 
Ženíškova;M
Hradeckých; 
Hildy Čihákové;F
Hošťálkova;M
Mendíků; 
Milerova;M
Františka Jansy; 
Višňovka; 
Zemské právo; 
Divadelní; 
Blahoslavova;M
Závodní; 
Do panenek; 
Basilejské náměstí; 
Severovýchodní V; 
Aubrechtové;F
Venušina; 
Stříbrná; 
Vondroušova;M
Severní X; 
S. K. Neumanna; 
Ladislava Coňka; 
Divoká Šárka; 
Vydrova;M
Plickova;M
Východní náměstí; 
Kosova;M
Dlouhá; 
Lumírova;M
Barrandova;M
Nechybova;M
Laglerové;F
Zamenhofova;M
Švecova;M
Seydlerova;M
Božetěchova;M
Větrná; 
Votavova;M
Nepilova;M
Kalabisova;M
Poštova;M
Kmochova;M
Krupkovo náměstí; 
Kundratka; 
Královská obora; 
Mansfeldova;M
Majerové;F
Brunclíkova;M
Hoffmannova;M
Barákova;M
Davídkova;M
Kocourkova;M
Vítězné náměstí; 
Radova;M
Schöfflerova;M
Vlasákova;M
Příkrá; 
Jarmily Novotné; 
Hůlkova;M
Pučova;M
Prašná; 
Do Klukovic; 
Gončarenkova;M
Kotevní; 
Zvoníčkova;M
Martinova;M
Zapadlá; 
Bouřilova;M
Skálova;M
Bergmanova;M
Spytihněvova;M
Liškova;M
Klapkova;M
Manželů Kotrbových; 
Machkova;M
Eberlova;M
Lukešova;M
Peckova;M
Rozkošného;M
Zahrádkářů; 
Krouzova;M
Astlova;M
Odbočná; 
Vilímkova;M
Skořepka; 
Útulná; 
Lindleyova;M
Zlochova;M
28. pluku; 
Tichého;M
Jindrova;M
Lysolajské údolí; 
Máslova;M
Milana Kadlece; 
Císařská louka; 
Jiřiny Štěpničkové;F
Ježkova;M
Rozšířená; 
Křesadlova;M
Koněvova;M
Veleslavínova;M
Paškova;M
Novákových; 
Sitteho; 
Goetheho; 
Vápeníkova;M
Votrubova;M
Mozartova;M
Travná; 
Zastavěná; 
Pěnkaví; 
náměstí Republiky; 
Dr. Marodyho; 
Návětrná; 
Thurnova;M
Vavákova;M
Axmanova;M
Vedlejší; 
Výrobní; 
Sanderova;M
Daimlerova;M
Gagarinova;M
náměstí Interbrigády; 
Prokopových; 
Marie Cibulkové;F
Psohlavců; 
Souběžná IV; 
Kocourova;M
Omladinářů; 
Tychonova;M
Rybalkova;M
Klečkova;M
Kubánské náměstí; 
Šporkova;M
Seidlova;M
Brunnerova;M
Rolní; 
Slezanů; 
Melantrichova;M
Podjavorinské; 
Krupná; 
Odboje; 
Kolejní; 
Zdařilá; 
Škrétova;M
Raichlova;M
Pospíšilova;M
náměstí Winstona Churchilla; 
Petra Slezáka; 
Horáčkova;M
Vackova;M
Květnového povstání; 
Horymírovo náměstí; 
Ševčíkova;M
Větrovcova;M
Balbínova;M
Polaneckého;M
Zbraslavské náměstí; 
Böhmova;M
Miroslava Hajna; 
Blodkova;M
Mezilesí; 
Exnárova;M
Firkušného;M
Popovova;M
Černockého;M
Častavina; 
Třídomá; 
Láskova;M
Hlučkova;M
Dandova;M
Kramolná; 
Jihovýchodní IV; 
Půdova;M
Žerotínova;M
Nová cesta; 
Služeb; 
Generála Šišky; 
Vikova;M
Theinova;M
Vindyšova;M
Maškova;M
Slavičí; 
Keltů; 
Křižíkova;M
Hlavova;M
Březinova;M
Haškova;M
Španielova;M
Hilmarova;M
Žábova;M
Kopanina; 
Týn; 
Hudečkova;M
Patočkova;M
Peškova;M
Vostrého;M
Okrasná; 
Nové náměstí; 
Jugoslávských partyzánů; 
Kostelní; 
Kubatova;M
Mládeže; 
Jižní IV; 
Benkova;M
Jaroslava Foglara; 
Severozápadní V; 
Kykalova;M
Podkrkonošských tkalců; 
Před sokolovnou; 
Hálův statek; 
Vaníčkova;M
Klidná; 
Ortenovo náměstí; 
Horčičkova;M
Špirkova;M
Voříškova;M
Smikova;M
Vojáčkova;M
Štychova;M
Černínova;M
Špačkova;M
Václava Trojana; 
Zimova;M
Froňkova;M
Světova;M
Voltova;M
Musilova;M
Šťastného;M
Odborů; 
Tréglova;M
Sibiřské náměstí; 
Lodní mlýny; 
Korytná; 
Žižkovo náměstí; 
Tesaříkova;M
Sněžná; 
Kurčatovova;M
Rubeška; 
Maňákova;M
Jižní I; 
Kusého;M
Přívozní; 
Štítného;M
Maštěřovského;M
Koubkova;M
Zengrova;M
Štětkova;M
Vajdova;M
Vlnitá; 
Slunná; 
28. října; 
Českého červeného kříže; 
Slovačíkova;M
Přibíkova;M
Rychtáře Šimona; 
Suchdolské náměstí; 
Václavkova;M
Vyhlídka; 
Pařízkova;M
Kozinovo náměstí; 
Kuttelwascherova;M
Pískovna; 
Malešické náměstí; 
Postranní; 
Dobrovolného;M
Výhledské náměstí; 
Bohuslava Martinů; 
Zahradníčkova;M
Strnadových; 
Oty Pavla; 
Písečná; 
Zákostelní; 
Lebeděvova;M
Zaječí; 
Vršovické náměstí; 
Při hranici; 
Urbanova;M
Anny Čížkové;F
Družstevní; 
Albíny Hochové;F
Schulhoffova;M
Koclířova;M
Vrchlického sady; 
Jírova;M
Adolfa Pecha; 
Víta Nejedlého;M
Buchovcova;M
Zubatého;M
Rozýnova;M
Sámova;M
Suchardova;M
Malostranské náměstí; 
Nejdkova;M
Mezi poli; 
Nedvědovo náměstí; 
Sněmovní; 
Sodomkova;M
Strnadova;M
Homérova;M
Jihovýchodní VI; 
Severovýchodní III; 
Hlavatého;M
Boženy Hofmeisterové;F
Jižní VII; 
Sedmidomky; 
Kolmá; 
Uzavřená; 
Bohrova;M
Ungarova;M
Žitavského;M
Kolátorova;M
Osvobození; 
Slavíčkova;M
Svatoplukova;M
M. J. Lermontova;M
Pitterova;M
Upravená; 
Manželů Dostálových; 
Rakovského;M
krále Václava IV.; 
náměstí Plukovníka Vlčka; 
Radouňova;M
Dolejškova;M
Jihozápadní IV; 
Turnovského;M
Kpt. Nálepky; 
Slatiny; 
Hermíny Týrlové;F
Stupkova;M
5. máje; 
Vrbova;M
Jižní XIII; 
Kováků; 
Moysesova;M
Menšíkova;M
Krejčího; 
Sportovní; 
Zvoncovitá; 
Andersenova;M
Parašutistů; 
Fejfarova;M
Matek; 
Letců; 
Hiršlova;M
Jordana Jovkova;M
Antonína Hodného;M
Přírodní; 
Lipského;M
Podlesní; 
Křejpského;M
Barvitiova;M
Pštrossova;M
Máchova;M
Vinohrady; 
Voleníkova;M
Slaná; 
Do dubin; 
Vrchlického;M
Chlumova;M
Bechyňova;M
Voborského;M
Košařova;M
Kazín; 
Flemingovo náměstí; 
nábřeží Ludvíka Svobody; 
Paťanka; 
Mezi potoky; 
Medkova;M
Vykoukových; 
Jeronýmova;M
Vítovcova;M
Šostakovičovo náměstí; 
Bártlova;M
Gabinova;M
Vysoká cesta; 
Dědinova;M
Ronešova;M
Hulanova;M
Pstružná; 
Slavojova;M
Elsnicovo náměstí; 
Jaroslava Švehly; 
Jeřábkova;M
Průškova;M
Poustka; 
náměstí Junkových; 
Dunovského;M
Eliášova;M
Průjezdná; 
Hrad II. nádvoří; 
Štemberova;M
Pekařova;M
Hodčina; 
nábřeží Edvarda Beneše; 
Xaveriova;M
Součkova;M
Žitná; 
Hlaváčkova;M
Pešova;M
Zábrodí; 
Prvního pluku; 
Kopečná; 
Drimlova;M
Hákova;M
Zvonařova;M
Prokopské údolí; 
Bystřičná; 
Jiřího Mašína; 
Weberova;M
Souvratní; 
Břetislavova;M
Dobnerova;M
Kaplanova;M
Jiskrova;M
Jelení; 
Markyta; 
Staropramenná; 
Wolfova;M
Nobelova;M
Viktorinova;M
Hořovského;M
Žukovského;M
Šárčina; 
Náplavní; 
Zátiší; 
Morávkova;M
Malá Michnovka; 
Ginzova;M
Navigátorů; 
Generála Janouška; 
Šebkova;M
Zívrova;M
Sovova;M
Při trati; 
Bellušova;M
Tůmova;M
Beethovenova;M
Hejplíkova;M
Anny Rybníčkové;F
Hviezdoslavova;M
Rybná; 
Odlehlá; 
Klášterského;M
Palmovka; 
Tulkova;M
Karasova;M
Leitzova;M
Hostivítova;M
Roklova;M
Tělovýchovná; 
Židlického;M
Konstantinova;M
Navarova;M
Herčíkova;M
Samohelova;M
Strahovské nádvoří; 
Trnkovo náměstí; 
Údolí hvězd; 
Flöglova;M
Jižní XI; 
Vlkova;M
náměstí Na Santince; 
Žižkova;M
Mladenovova;M
Lhotákova;M
Věšínova;M
Kolářova;M
Hašlerova;M
Okrouhlíkova;M
Horníčkova;M
Wagnerova;M
Od rozcestí; 
Čestmírova;M
Bobkova;M
Lečkova;M
Bílenecké náměstí; 
Mahlerovy sady; 
Skřivánčí; 
Machovcova;M
Zeyerova alej; 
Jilemnického;M
Přímské náměstí; 
Jana Jindřicha; 
Šternberkova;M
Blachutova;M
Aksamitova;M
Šalounova;M
Milady Horákové;F
Slancova;M
Fingerova;M
Terasovitá; 
Bojasova;M
Dukelských hrdinů; 
Malkovského;M
Čechurova;M
Čílova;M
Kutvirtova;M
Morstadtova;M
Mikova;M
Klírova;M
Pevnostní; 
5. května; 
Levá; 
Opata Konráda; 
Jamborova;M
Ústřední; 
Loudova;M
Střelecký ostrov; 
Dittrichova;M
Machnova;M
Dolákova;M
Zápotoční; 
Řezáčovo náměstí; 
Augustova;M
Střední; 
Aleny Santarové;F
Semanského;M
Heydukova;M
Dobrovského;M
Šítkova;M
Šemberova;M
Černého;M
Lessnerova;M
Janáčkovo nábřeží; 
Pávovské náměstí; 
Klausova;M
Dusíkova;M
Spojenců; 
Ampérova;M
Roithova;M
Horákova;M
Mrštíkova;M
Čumpelíkova;M
Salačova;M
Nového;M
Jaromíra Jindry; 
Bryksova;M
Branické náměstí; 
Hypšmanova;M
Podlipného;M
Galandova;M
Staroměstské náměstí; 
Biskupcova;M
Mahulenina; 
Štěpničná; 
Votočkova;M
Anny Drabíkové;F
Lukášova;M
Zájezdní; 
Sportovců; 
Soukalova;M
Ohnivcova;M
Hroncova;M
Čajkovského;M
náměstí Bratří Synků; 
Smetáčkova;M
Ostrov Štvanice; 
Kudeříkové;F
Průběžná; 
Švábova;M
Vidimova;M
Halasova;M
Nový lesík; 
Lipí; 
Jiřího Jandy; 
Kazimírova;M
Zlatá; 
Masarykovo nábřeží; 
Střelničná; 
Divišova;M
Netluky; 
Winklerova;M
Spodní; 
Rašova;M
Pirnerova;M
Ludmilina; 
Výmolova;M
Žufanova;M
Mariánské hradby; 
Perunova;M
Slámova;M
Wassermannova;M
náměstí Před bateriemi; 
Severovýchodní IV; 
Karoliny Světlé; 
Masná; 
Nevanova;M
Kubíkova;M
Kopalova;M
Krocínova;M
Výstavní; 
Roentgenova;M
Osadní; 
Urbánkova;M
Steinerova;M
Pernického;M
Poupětova;M
Fořtova;M
Ctiborova;M
Kymrova;M
Půtova;M
Bubeníčkova;M
Kischova;M
Kandertova;M
Korunovační; 
Holekova;M
Karla Michala; 
Sousední; 
Malšovské náměstí; 
Petýrkova;M
Krajní; 
Breitcetlova;M
Armádní; 
Údolní; 
Ukončená; 
náměstí I. P. Pavlova;M
Brixiho; 
Obilní; 
Otakarova;M
Pláničkova;M
